datetime,Close,Volume,funding_rate
,BTC-USD,BTC-USD,
2022-01-01,47686.8125,24582667004,0.0001
2022-01-02,47345.21875,27951569547,0.0001
2022-01-03,46458.1171875,33071628362,0.0001
2022-01-04,45897.57421875,42494677905,0.0001
2022-01-05,43569.00390625,36851084859,0.0001
2022-01-06,43160.9296875,30208048289,0.0001
2022-01-07,41557.90234375,84196607520,0.0001
2022-01-08,41733.94140625,28066355845,0.0001
2022-01-09,41911.6015625,21294384372,0.0001
2022-01-10,41821.26171875,32104232331,8.174e-05
2022-01-11,42735.85546875,26327648900,9.131333333333335e-05
2022-01-12,43949.1015625,33499938689,-1.6300000000000007e-06
2022-01-13,42591.5703125,47691135082,-1.1956666666666667e-05
2022-01-14,43099.69921875,23577403399,-5.0776666666666664e-05
2022-01-15,43177.3984375,18371348298,4.9810000000000006e-05
2022-01-16,43113.87890625,17902097845,3.453333333333333e-05
2022-01-17,42250.55078125,21690904261,6.132666666666667e-05
2022-01-18,42375.6328125,22417209227,9.999333333333335e-05
2022-01-19,41744.328125,23091543258,8.324333333333332e-05
2022-01-20,40680.41796875,20382033940,0.0001
2022-01-21,36457.31640625,43011992031,7.583e-05
2022-01-22,35030.25,39714385405,4.357e-05
2022-01-23,36276.8046875,26017975951,2.3903333333333335e-05
2022-01-24,36654.328125,41856658597,4.6979999999999994e-05
2022-01-25,36954.00390625,26428189594,2.7060000000000002e-05
2022-01-26,36852.12109375,31324598034,-1.7863333333333332e-05
2022-01-27,37138.234375,25041426629,-7.536333333333334e-05
2022-01-28,37784.33203125,22238830523,3.184e-05
2022-01-29,38138.1796875,17194183075,3.7233333333333334e-06
2022-01-30,37917.6015625,14643548444,8.392000000000001e-05
2022-01-31,38483.125,20734730465,8.392000000000001e-05
2022-02-01,38743.2734375,20288500328,-1.3809999999999998e-05
2022-02-02,36952.984375,19155189416,3.216e-05
2022-02-03,37154.6015625,18591534769,-2.693666666666667e-05
2022-02-04,41500.875,29412210792,9.636666666666669e-06
2022-02-05,41441.1640625,19652846215,9.152333333333335e-05
2022-02-06,42412.43359375,16142097334,0.0001
2022-02-07,43840.28515625,28641855926,-9.586666666666667e-06
2022-02-08,44118.4453125,33079398868,0.0001
2022-02-09,44338.796875,23245887300,6.387333333333332e-05
2022-02-10,43565.11328125,32142048537,6.067000000000001e-05
2022-02-11,42407.9375,26954925781,-2.9953333333333337e-05
2022-02-12,42244.46875,18152390304,0.0001
2022-02-13,42197.515625,14741589015,7.599333333333332e-05
2022-02-14,42586.91796875,20827783012,6.343e-05
2022-02-15,44575.203125,22721659051,2.5673333333333334e-05
2022-02-16,43961.859375,19792547657,0.0001
2022-02-17,40538.01171875,26246662813,0.0001
2022-02-18,40030.9765625,23310007704,-1.4323333333333334e-05
2022-02-19,40122.15625,13736557863,6.223666666666667e-05
2022-02-20,38431.37890625,18340576452,6.956666666666665e-06
2022-02-21,37075.28125,29280402798,-4.903333333333335e-06
2022-02-22,38286.02734375,25493150450,-1.9883333333333333e-05
2022-02-23,37296.5703125,21849073843,-6.186000000000001e-05
2022-02-24,38332.609375,46383802093,-6.26e-05
2022-02-25,39214.21875,26545599159,5.739333333333333e-05
2022-02-26,39105.1484375,17467554129,8.982e-05
2022-02-27,37709.78515625,23450127612,2.2496666666666664e-05
2022-02-28,43193.234375,35690014104,-0.00011846333333333334
2022-03-01,44354.63671875,32479047645,8.123e-05
2022-03-02,43924.1171875,29183112630,6.497666666666666e-05
2022-03-03,42451.7890625,24967782593,6.497666666666666e-05
2022-03-04,39137.60546875,28516271427,0.0001
2022-03-05,39400.5859375,16975917450,7.218666666666667e-05
2022-03-06,38419.984375,19745229902,1.704e-05
2022-03-07,38062.0390625,28546143503,-3.9473333333333334e-05
2022-03-08,38737.26953125,25776583476,7.792666666666667e-05
2022-03-09,41982.92578125,32284121034,8.925333333333334e-05
2022-03-10,39437.4609375,31078064711,3.120333333333333e-05
2022-03-11,38794.97265625,26364890465,-4.4239999999999997e-05
2022-03-12,38904.01171875,14616450657,-2.3466666666666657e-06
2022-03-13,37849.6640625,17300745310,-3.661e-05
2022-03-14,39666.75390625,24322159070,-3.9999999999999996e-05
2022-03-15,39338.78515625,23934000868,6.421e-05
2022-03-16,41143.9296875,39616916192,8.623666666666666e-05
2022-03-17,40951.37890625,22009601093,0.0001
2022-03-18,41801.15625,34421564942,7.220666666666666e-05
2022-03-19,42190.65234375,19664853187,0.0001
2022-03-20,41247.82421875,20127946682,0.0001
2022-03-21,41077.99609375,24615543271,2.9843333333333336e-05
2022-03-22,42358.80859375,32004652376,0.0001
2022-03-23,42892.95703125,25242943069,9.004666666666667e-05
2022-03-24,43960.93359375,31042992291,5.19e-06
2022-03-25,44348.73046875,30574413034,5.143000000000001e-05
2022-03-26,44500.828125,16950455995,4.209333333333333e-05
2022-03-27,46820.4921875,28160889722,1.0176666666666669e-05
2022-03-28,47128.00390625,36362175703,0.0001
2022-03-29,47465.73046875,31397059069,9.864666666666667e-05
2022-03-30,47062.6640625,29333883962,0.0001
2022-03-31,45538.67578125,33327427106,0.0001
2022-04-01,46281.64453125,38162644287,8.939666666666668e-05
2022-04-02,45868.94921875,29336594194,0.0001
2022-04-03,46453.56640625,25414397610,0.0001
2022-04-04,46622.67578125,32499785455,0.0001
2022-04-05,45555.9921875,29640604055,0.0001
2022-04-06,43206.73828125,39393395788,9.966e-05
2022-04-07,43503.84765625,26101973106,7.473666666666668e-05
2022-04-08,42287.6640625,27215995394,8.102000000000001e-05
2022-04-09,42782.13671875,16050772496,9.759666666666667e-05
2022-04-10,42207.671875,17654475582,6.317333333333333e-05
2022-04-11,39521.90234375,33949912166,6.747666666666667e-05
2022-04-12,40127.18359375,30991500854,-7.936e-05
2022-04-13,41166.73046875,27691105228,-8.08e-06
2022-04-14,39935.515625,24342001973,4.324666666666666e-05
2022-04-15,40553.46484375,21756855753,-4.113666666666667e-05
2022-04-16,40424.484375,16833150693,4.532333333333334e-05
2022-04-17,39716.953125,19087633042,6.852666666666667e-05
2022-04-18,40826.21484375,33705182072,-8.621333333333333e-05
2022-04-19,41502.75,25303206547,3.741e-05
2022-04-20,41374.37890625,27819532341,7.569e-05
2022-04-21,40527.36328125,35372786395,9.699999999999992e-07
2022-04-22,39740.3203125,28011716745,-4.7909999999999994e-05
2022-04-23,39486.73046875,16138021249,-9.489333333333334e-05
2022-04-24,39469.29296875,17964398167,-0.00012401
2022-04-25,40458.30859375,35445730570,-3.176333333333333e-05
2022-04-26,38117.4609375,34569088416,0.0001
2022-04-27,39241.12109375,30981015184,-7.235333333333334e-05
2022-04-28,39773.828125,33903704907,-4.199999999999998e-06
2022-04-29,38609.82421875,30882994649,7.542666666666667e-05
2022-04-30,37714.875,23895713731,3.6366666666666673e-06
2022-05-01,38469.09375,27002760110,4.1660000000000004e-05
2022-05-02,38529.328125,32922642426,9.666666666666667e-05
2022-05-03,37750.453125,27326943244,0.0001
2022-05-04,39698.37109375,36754404490,0.0001
2022-05-05,36575.140625,43106256317,0.0001
2022-05-06,36040.921875,37795577489,-4.999e-05
2022-05-07,35501.953125,24375896406,4.793333333333334e-06
2022-05-08,34059.265625,36763041910,5.7803333333333336e-05
2022-05-09,30296.953125,63355494961,0.0001
2022-05-10,31022.90625,59811038817,0.0001
2022-05-11,28936.35546875,70388855818,3.6689999999999996e-05
2022-05-12,29047.751953125,66989173272,-0.0002514866666666667
2022-05-13,29283.103515625,42841124537,-5.623333333333333e-06
2022-05-14,30101.265625,28579868620,0.0001
2022-05-15,31305.11328125,25835372065,9.114333333333334e-05
2022-05-16,29862.91796875,32613897286,7.941e-05
2022-05-17,30425.857421875,29101473475,4.665e-05
2022-05-18,28720.271484375,31285268319,-3.2720000000000005e-05
2022-05-19,30314.333984375,33773447707,4.249333333333333e-05
2022-05-20,29200.740234375,30749382605,0.0001
2022-05-21,29432.2265625,17274840442,6.699999999999998e-07
2022-05-22,30323.72265625,21631532270,3.1156666666666666e-05
2022-05-23,29098.91015625,31483454557,0.0001
2022-05-24,29655.5859375,26616506245,-3.385333333333333e-05
2022-05-25,29562.361328125,27525063551,7.893e-05
2022-05-26,29267.224609375,36774325352,6.079e-05
2022-05-27,28627.57421875,36582005748,0.0001
2022-05-28,28814.900390625,35519577634,9.570666666666668e-05
2022-05-29,29445.95703125,18093886409,0.0001
2022-05-30,31726.390625,39277993274,0.0001
2022-05-31,31792.310546875,33538210634,0.0001
2022-06-01,29799.080078125,41135817341,0.0001
2022-06-02,30467.48828125,29083562061,9.733333333333334e-06
2022-06-03,29704.390625,26175547452,7.009999999999998e-06
2022-06-04,29832.9140625,16588370958,7.009999999999998e-06
2022-06-05,29906.662109375,17264085441,3.979666666666667e-05
2022-06-06,31370.671875,31947336829,8.564e-05
2022-06-07,31155.478515625,40770974039,-1.3129999999999998e-05
2022-06-08,30214.35546875,30242059107,0.0001
2022-06-09,30111.998046875,21692004719,9.702e-05
2022-06-10,29083.8046875,29867476527,7.597333333333333e-05
2022-06-11,28360.810546875,27246574439,2.9156666666666668e-05
2022-06-12,26762.6484375,34163220274,3.6673333333333333e-05
2022-06-13,22487.388671875,68204556440,6.180000000000001e-06
2022-06-14,22206.79296875,50913575242,-3.711666666666666e-05
2022-06-15,22572.83984375,54912007015,-3.3276666666666666e-05
2022-06-16,20381.650390625,31183975654,-1.6386666666666667e-05
2022-06-17,20471.482421875,27132421514,-2.2053333333333335e-05
2022-06-18,19017.642578125,42009436760,5.7193333333333333e-05
2022-06-19,20553.271484375,35329942625,2.3076666666666665e-05
2022-06-20,20599.537109375,30818458597,2.1376666666666665e-05
2022-06-21,20710.59765625,28970212744,5.665e-05
2022-06-22,19987.029296875,28574793478,-1.4813333333333334e-05
2022-06-23,21085.876953125,26188097173,-1.7016666666666666e-05
2022-06-24,21231.65625,24957784918,8.668666666666667e-05
2022-06-25,21502.337890625,18372538715,7.540333333333334e-05
2022-06-26,21027.294921875,18027170497,6.889666666666667e-05
2022-06-27,20735.478515625,20965695707,5.8183333333333336e-05
2022-06-28,20280.634765625,21381535161,-1.921333333333333e-05
2022-06-29,20104.0234375,23552740328,5.947333333333333e-05
2022-06-30,19784.7265625,26267239923,-6.904666666666666e-05
2022-07-01,19269.3671875,30767551159,-4.5803333333333336e-05
2022-07-02,19242.255859375,18100418740,1.475e-05
2022-07-03,19297.076171875,16390821947,5.2e-05
2022-07-04,20231.26171875,21594638208,4.8899999999999996e-05
2022-07-05,20190.115234375,26715546990,4.8899999999999996e-05
2022-07-06,20548.24609375,24598943708,9.457666666666667e-05
2022-07-07,21637.587890625,25814972520,8.424666666666666e-05
2022-07-08,21731.1171875,49899834488,6.737333333333334e-05
2022-07-09,21592.20703125,29641127858,8.714333333333334e-05
2022-07-10,20860.44921875,28688807249,9.987333333333333e-05
2022-07-11,19970.556640625,24150249025,6.759666666666666e-05
2022-07-12,19323.9140625,25810220018,5.7010000000000005e-05
2022-07-13,20212.07421875,33042430345,-6.016666666666666e-06
2022-07-14,20569.919921875,31158743333,4.5026666666666674e-05
2022-07-15,20836.328125,25905575359,4.086333333333333e-05
2022-07-16,21190.31640625,24302954056,4.950333333333333e-05
2022-07-17,20779.34375,22927802083,8.915666666666667e-05
2022-07-18,22485.689453125,39974475562,0.0001
2022-07-19,23389.43359375,48765202697,0.0001
2022-07-20,23231.732421875,42932549127,9.372666666666667e-05
2022-07-21,23164.62890625,33631012204,0.0001
2022-07-22,22714.978515625,31421555646,8.390666666666666e-05
2022-07-23,22465.478515625,24021799169,6.688e-05
2022-07-24,22609.1640625,23565495303,7.354333333333333e-05
2022-07-25,21361.701171875,35574561406,4.519e-05
2022-07-26,21239.75390625,28624673855,7.437666666666666e-05
2022-07-27,22930.548828125,31758955233,4.209e-05
2022-07-28,23843.88671875,40212386158,9.743000000000001e-05
2022-07-29,23804.6328125,35887249746,0.0001
2022-07-30,23656.20703125,28148218301,0.0001
2022-07-31,23336.896484375,23553591896,8.760333333333334e-05
2022-08-01,23314.19921875,25849159141,8.816333333333335e-05
2022-08-02,22978.1171875,28389250717,8.539333333333333e-05
2022-08-03,22846.5078125,26288169966,2.4999999999999998e-06
2022-08-04,22630.95703125,25120229769,1.0076666666666666e-05
2022-08-05,23289.314453125,28881249043,1.0076666666666666e-05
2022-08-06,22961.279296875,15978259885,8.492333333333335e-05
2022-08-07,23175.890625,15886817043,3.888e-05
2022-08-08,23809.486328125,28575544847,7.596666666666667e-05
2022-08-09,23164.318359375,23555719219,9.306666666666667e-05
2022-08-10,23947.642578125,32837431722,2.9023333333333334e-05
2022-08-11,23957.529296875,37127036580,7.372333333333333e-05
2022-08-12,24402.818359375,27265804688,2.3506666666666666e-05
2022-08-13,24424.068359375,22987346289,2.35e-05
2022-08-14,24319.333984375,22994133555,1.1006666666666666e-05
2022-08-15,24136.97265625,35123501685,-1.3426666666666666e-05
2022-08-16,23883.291015625,27753685646,2.0896666666666666e-05
2022-08-17,23335.998046875,30931623076,3.364e-05
2022-08-18,23212.73828125,23747613147,8.520666666666668e-05
2022-08-19,20877.552734375,40509610260,1.787333333333334e-05
2022-08-20,21166.060546875,27595671000,-3.406333333333333e-05
2022-08-21,21534.12109375,23102307723,-2.9266666666666665e-05
2022-08-22,21398.908203125,31666498758,-2.428666666666667e-05
2022-08-23,21528.087890625,31878280659,-2.1766666666666666e-05
2022-08-24,21395.01953125,31962253368,-1.7939999999999998e-05
2022-08-25,21600.904296875,31028679593,2.052e-05
2022-08-26,20260.01953125,42326789564,1.3663333333333334e-05
2022-08-27,20041.73828125,30116729776,-4.498e-05
2022-08-28,19616.814453125,24366810591,-4.1989999999999996e-05
2022-08-29,20297.994140625,32637854078,-9.957333333333332e-05
2022-08-30,19796.80859375,34483360283,-2.7119999999999998e-05
2022-08-31,20049.763671875,33225232872,2.88e-05
2022-09-01,20127.140625,30182031010,5.095333333333333e-05
2022-09-02,19969.771484375,29123998928,3.948666666666667e-05
2022-09-03,19832.087890625,23613051457,3.452666666666666e-05
2022-09-04,19986.712890625,25245861652,2.7233333333333332e-05
2022-09-05,19812.37109375,28813460025,2.7233333333333332e-05
2022-09-06,18837.66796875,43403978910,1.1903333333333333e-05
2022-09-07,19290.32421875,35239757134,-3.1173333333333335e-05
2022-09-08,19329.833984375,32194477850,3.2046666666666666e-05
2022-09-09,21381.15234375,48469528171,7.104000000000001e-05
2022-09-10,21680.5390625,36913738894,9.921333333333333e-05
2022-09-11,21769.255859375,34493951963,7.942333333333334e-05
2022-09-12,22370.44921875,50212088965,9.415333333333334e-05
2022-09-13,20296.70703125,51091116622,9.988333333333333e-05
2022-09-14,20241.08984375,37872380889,-7.406666666666667e-06
2022-09-15,19701.2109375,36389011503,3.712333333333334e-05
2022-09-16,19772.583984375,30123362273,5.1076666666666665e-05
2022-09-17,20127.576171875,24957448100,2.942333333333333e-05
2022-09-18,19419.505859375,31254779144,5.9373333333333336e-05
2022-09-19,19544.12890625,40177002624,-1.7026666666666667e-05
2022-09-20,18890.7890625,36791346508,5.1296666666666666e-05
2022-09-21,18547.400390625,46363793975,3.131666666666667e-05
2022-09-22,19413.55078125,41135767926,-3.649e-05
2022-09-23,19297.638671875,38896078052,1.7373333333333332e-05
2022-09-24,18937.01171875,26149643168,3.3226666666666665e-05
2022-09-25,18802.09765625,23359966112,2.415e-05
2022-09-26,19222.671875,44148798321,2.511e-05
2022-09-27,19110.546875,58571439619,6.927333333333333e-05
2022-09-28,19426.720703125,53071298734,1.8006666666666665e-05
2022-09-29,19573.05078125,41037843771,6.669e-05
2022-09-30,19431.7890625,43975248085,0.0001
2022-10-01,19312.095703125,18719537670,6.734333333333334e-05
2022-10-02,19044.107421875,20765955327,5.1540000000000005e-05
2022-10-03,19623.580078125,30484729489,7.437333333333334e-05
2022-10-04,20336.84375,35887278685,0.0001
2022-10-05,20160.716796875,33223790572,0.0001
2022-10-06,19955.443359375,34711412966,0.0001
2022-10-07,19546.849609375,29227315390,9.171e-05
2022-10-08,19416.568359375,16437423167,5.114666666666666e-05
2022-10-09,19446.42578125,16837262532,2.324333333333333e-05
2022-10-10,19141.484375,27425022774,7.436666666666667e-05
2022-10-11,19051.41796875,28711532910,0.0001
2022-10-12,19157.4453125,24950173846,0.0001
2022-10-13,19382.904296875,44219840004,7.133999999999999e-05
2022-10-14,19185.65625,38452356727,7.21e-05
2022-10-15,19067.634765625,16192235532,4.217333333333333e-05
2022-10-16,19268.09375,17988916650,2.1966666666666668e-05
2022-10-17,19550.7578125,27472552998,3.876333333333333e-05
2022-10-18,19334.416015625,30580012344,0.0001
2022-10-19,19139.53515625,22425387184,9.199333333333333e-05
2022-10-20,19053.740234375,24493974420,6.038666666666667e-05
2022-10-21,19172.46875,32459287866,2.767e-05
2022-10-22,19208.189453125,16104440957,3.9206666666666665e-05
2022-10-23,19567.0078125,22128794335,3.499e-05
2022-10-24,19345.572265625,30202235805,7.442666666666668e-05
2022-10-25,20095.857421875,47761524910,4.3933333333333335e-05
2022-10-26,20770.44140625,58895950537,4.676666666666667e-05
2022-10-27,20285.8359375,49625110402,-2.956666666666666e-06
2022-10-28,20595.3515625,43994715910,-1.0533333333333323e-06
2022-10-29,20818.4765625,40369840645,3.8146666666666665e-05
2022-10-30,20635.603515625,31486345556,1.944e-05
2022-10-31,20495.7734375,45668466815,1.637333333333333e-05
2022-11-01,20485.2734375,39819303159,3.1200000000000006e-06
2022-11-02,20159.50390625,55552169483,4.0119999999999995e-05
2022-11-03,20209.98828125,43228750179,3.353333333333333e-05
2022-11-04,21147.23046875,64072727950,4.1586666666666666e-05
2022-11-05,21282.69140625,37846047609,6.316666666666667e-05
2022-11-06,20926.486328125,35082693210,6.316666666666667e-05
2022-11-07,20602.81640625,53510852236,9.271000000000001e-05
2022-11-08,18541.271484375,118992465607,5.057666666666666e-05
2022-11-09,15880.7802734375,102905151606,-0.00013185
2022-11-10,17586.771484375,83202283721,-0.00084986
2022-11-11,17034.29296875,55871616488,-0.00010843666666666666
2022-11-12,16799.185546875,29717699419,3.1383333333333335e-05
2022-11-13,16353.365234375,27209183682,-1.4026666666666667e-05
2022-11-14,16618.19921875,49630243054,-4.195333333333334e-05
2022-11-15,16884.61328125,36599436183,-8.771333333333333e-05
2022-11-16,16669.439453125,33925512989,-6.237333333333334e-05
2022-11-17,16687.517578125,27868914022,-4.1269999999999996e-05
2022-11-18,16697.77734375,26862218609,1.7233333333333337e-06
2022-11-19,16711.546875,16106223492,4.094666666666667e-05
2022-11-20,16291.83203125,21313378652,5.98e-06
2022-11-21,15787.2841796875,37429485518,2.994e-05
2022-11-22,16189.76953125,30726828760,8.096666666666667e-06
2022-11-23,16610.70703125,32958875628,6.338666666666667e-05
2022-11-24,16604.46484375,26129037414,4.568e-05
2022-11-25,16521.841796875,18678255976,1.2826666666666665e-05
2022-11-26,16464.28125,18000008764,1.6423333333333333e-05
2022-11-27,16444.626953125,20443898509,5.936666666666664e-06
2022-11-28,16217.322265625,27743025156,9.533333333333334e-06
2022-11-29,16444.982421875,23581685468,2.8486666666666666e-05
2022-11-30,17168.56640625,29523576583,5.6510000000000006e-05
2022-12-01,16967.1328125,22895392882,2.0093333333333336e-05
2022-12-02,17088.66015625,19539705127,2.4249999999999997e-05
2022-12-03,16908.236328125,16217776704,6.141666666666666e-05
2022-12-04,17130.486328125,16824520830,5.7306666666666665e-05
2022-12-05,16974.826171875,22209086834,1.4633333333333324e-06
2022-12-06,17089.50390625,19889922369,2.8763333333333333e-05
2022-12-07,16848.126953125,19675404389,2.8763333333333333e-05
2022-12-08,17233.474609375,20496603770,1.1673333333333334e-05
2022-12-09,17133.15234375,20328426366,2.7943333333333334e-05
2022-12-10,17128.724609375,12706781969,-2.15e-06
2022-12-11,17104.193359375,14122486832,8.313333333333334e-06
2022-12-12,17206.4375,19617581341,1.1246666666666667e-05
2022-12-13,17781.318359375,26634741631,4.991333333333333e-05
2022-12-14,17815.650390625,25534481470,0.0001
2022-12-15,17364.865234375,20964448341,8.393333333333333e-05
2022-12-16,16647.484375,24031608960,2.8536666666666667e-05
2022-12-17,16795.091796875,14463581825,6.51e-05
2022-12-18,16757.9765625,10924354698,4.151666666666666e-05
2022-12-19,16439.6796875,17221074814,4.8190000000000004e-05
2022-12-20,16906.3046875,22722096615,3e-05
2022-12-21,16817.53515625,14882945045,6.367333333333335e-05
2022-12-22,16830.341796875,16441573050,6.094333333333333e-05
2022-12-23,16796.953125,15329265213,9.634333333333334e-05
2022-12-24,16847.755859375,9744636213,6.99e-05
2022-12-25,16841.986328125,11656379938,1.812e-05
2022-12-26,16919.8046875,11886957804,3.7533333333333323e-06
2022-12-27,16717.173828125,15748580239,3.902666666666667e-05
2022-12-28,16552.572265625,17005713920,5.375666666666666e-05
2022-12-29,16642.341796875,14472237479,9.505666666666667e-05
2022-12-30,16602.5859375,15929162910,9.044000000000001e-05
2022-12-31,16547.49609375,11239186456,0.0001
2023-01-01,16625.080078125,9244361700,6.897e-05
2023-01-02,16688.470703125,12097775227,-1.0580000000000002e-05
2023-01-03,16679.857421875,13903079207,7.433e-05
2023-01-04,16863.23828125,18421743322,4.936e-05
2023-01-05,16836.736328125,13692758566,5.7056666666666665e-05
2023-01-06,16951.96875,14413662913,6.945333333333333e-05
2023-01-07,16955.078125,7714767174,6.945333333333333e-05
2023-01-08,17091.14453125,9768827914,7.703e-05
2023-01-09,17196.5546875,18624736866,2.0116666666666667e-05
2023-01-10,17446.29296875,15808338949,5.0770000000000003e-05
2023-01-11,17934.896484375,18372283782,1.6756666666666665e-05
2023-01-12,18869.587890625,34971338710,9.183e-05
2023-01-13,19909.57421875,29225029694,9.053333333333333e-05
2023-01-14,20976.298828125,38967784639,0.00021531000000000002
2023-01-15,20880.798828125,19298407543,0.00015345999999999998
2023-01-16,21169.6328125,26792494050,0.0001
2023-01-17,21161.51953125,24999983362,0.0001
2023-01-18,20688.78125,30005625418,0.0001
2023-01-19,21086.79296875,21152848261,0.0001
2023-01-20,22676.552734375,28799154319,0.0001
2023-01-21,22777.625,32442278429,0.0001
2023-01-22,22720.416015625,24746386230,0.0001
2023-01-23,22934.431640625,26518700512,0.0001
2023-01-24,22636.46875,26405069715,0.0001
2023-01-25,23117.859375,30685366709,0.0001
2023-01-26,23032.77734375,26357839322,0.0001
2023-01-27,23078.728515625,25383335641,9.847000000000001e-05
2023-01-28,23031.08984375,14712928379,0.0001
2023-01-29,23774.56640625,27423687259,0.0001
2023-01-30,22840.138671875,27205595568,0.0001
2023-01-31,23139.283203125,22837828665,0.0001
2023-02-01,23723.76953125,26683255504,0.0001
2023-02-02,23471.87109375,32066936882,0.0001
2023-02-03,23449.322265625,27083066007,0.0001
2023-02-04,23331.84765625,15639298538,0.0001
2023-02-05,22955.666015625,19564262605,0.0001
2023-02-06,22760.109375,23825006542,0.0001
2023-02-07,23264.291015625,27187964471,0.0001
2023-02-08,22939.3984375,25371367758,0.0001
2023-02-09,21819.0390625,32572572185,0.0001
2023-02-10,21651.18359375,27078406594,0.0001
2023-02-11,21870.875,16356226232,6.165666666666668e-05
2023-02-12,21788.203125,17821046406,5.8710000000000005e-05
2023-02-13,21808.1015625,23918742607,6.132333333333333e-05
2023-02-14,22220.8046875,26792596581,9.629e-05
2023-02-15,24307.841796875,32483312909,4.692666666666667e-05
2023-02-16,23623.474609375,39316664596,0.00014390333333333331
2023-02-17,24565.6015625,41358451255,0.0001
2023-02-18,24641.27734375,19625427158,0.0001
2023-02-19,24327.642578125,25555105670,0.0001
2023-02-20,24829.1484375,28987376573,0.0001
2023-02-21,24436.353515625,31252098714,0.0001
2023-02-22,24188.84375,30199996781,0.0001
2023-02-23,23947.4921875,30476264066,5.7123333333333336e-05
2023-02-24,23198.126953125,26811744928,5.1223333333333335e-05
2023-02-25,23175.375,16100721565,5.816666666666667e-06
2023-02-26,23561.212890625,16644534842,5.571e-05
2023-02-27,23522.87109375,22660763494,5.388666666666667e-05
2023-02-28,23147.353515625,20535363434,3.783e-05
2023-03-01,23646.55078125,24662841200,6.728333333333333e-05
2023-03-02,23475.466796875,20386398516,8.570000000000001e-05
2023-03-03,22362.6796875,26062404610,1.857e-05
2023-03-04,22353.349609375,11166012913,2.148666666666667e-05
2023-03-05,22435.513671875,13317001733,2.0413333333333333e-05
2023-03-06,22429.7578125,17353192895,4.9760000000000005e-05
2023-03-07,22219.76953125,22765452204,2.7263333333333334e-05
2023-03-08,21718.080078125,22536575684,5.577666666666667e-05
2023-03-09,20363.021484375,30364664171,0.0001
2023-03-10,20187.244140625,39578257695,0.0001
2023-03-11,20632.41015625,30180288176,-7.576666666666667e-06
2023-03-12,22163.94921875,29279035521,1.798666666666667e-05
2023-03-13,24197.533203125,49466362688,8.670333333333335e-05
2023-03-14,24746.07421875,54622230164,0.00018284333333333332
2023-03-15,24375.9609375,43655701450,0.00018751
2023-03-16,25052.7890625,33866061747,0.0001
2023-03-17,27423.9296875,50730261335,7.770333333333335e-05
2023-03-18,26965.87890625,35723036817,0.0001
2023-03-19,28038.67578125,37769448859,0.0001
2023-03-20,27767.236328125,44774027664,9.693666666666668e-05
2023-03-21,28175.81640625,36102192830,3.221333333333334e-05
2023-03-22,27307.4375,33382021890,1.8693333333333333e-05
2023-03-23,28333.97265625,24220433689,3.052666666666667e-05
2023-03-24,27493.28515625,25980310960,0.0001
2023-03-25,27494.70703125,13383005987,1.3566666666666667e-06
2023-03-26,27994.330078125,13878363192,1.2300000000000024e-06
2023-03-27,27139.888671875,18188895178,1.6393333333333334e-05
2023-03-28,27268.130859375,17783600385,2.4086666666666664e-05
2023-03-29,28348.44140625,20684945906,7.724333333333334e-05
2023-03-30,28033.5625,22435349951,4.5826666666666666e-05
2023-03-31,28478.484375,19001327598,4.5486666666666666e-05
2023-04-01,28411.03515625,10876469901,9.613333333333334e-05
2023-04-02,28199.30859375,12284641999,5.311333333333333e-05
2023-04-03,27790.220703125,19556501327,2.0689999999999997e-05
2023-04-04,28168.08984375,15284538859,-2.8806666666666666e-05
2023-04-05,28177.984375,17052315986,5.514e-05
2023-04-06,28044.140625,13837809380,6.883333333333332e-06
2023-04-07,27925.859375,10861680497,1.953333333333334e-06
2023-04-08,27947.794921875,9373255556,1.3086666666666666e-05
2023-04-09,28333.05078125,12175322951,-2.6899999999999997e-06
2023-04-10,29652.98046875,19282400094,-2.6899999999999997e-06
2023-04-11,30235.05859375,20121259843,0.0001
2023-04-12,30139.052734375,18651929926,6.508000000000001e-05
2023-04-13,30399.06640625,17487721001,7.030666666666667e-05
2023-04-14,30485.69921875,22659995079,4.435666666666667e-05
2023-04-15,30318.49609375,11940685378,4.493333333333333e-05
2023-04-16,30315.35546875,12854816417,9.048e-05
2023-04-17,29445.044921875,17872186762,9.125333333333334e-05
2023-04-18,30397.552734375,19480529496,3.648333333333333e-05
2023-04-19,28822.6796875,24571565421,5.383333333333334e-05
2023-04-20,28245.98828125,21340360360,6.048333333333333e-05
2023-04-21,27276.91015625,20759504330,8.765666666666667e-05
2023-04-22,27817.5,13125734602,6.316e-05
2023-04-23,27591.384765625,12785446832,2.504333333333333e-05
2023-04-24,27525.33984375,17703288330,3.667666666666667e-05
2023-04-25,28307.59765625,17733373139,6.737666666666667e-05
2023-04-26,28422.701171875,31854242019,5.344e-05
2023-04-27,29473.787109375,27153445027,3.850666666666667e-05
2023-04-28,29340.26171875,17544464887,8.158666666666667e-05
2023-04-29,29248.48828125,10662634333,4.871333333333333e-05
2023-04-30,29268.806640625,14652199272,4.2369999999999996e-05
2023-05-01,28091.568359375,18655599976,-1.1230000000000004e-05
2023-05-02,28680.537109375,16432924527,2.769e-05
2023-05-03,29006.30859375,19122972518,6.568e-05
2023-05-04,28847.7109375,15548678514,8.102000000000001e-05
2023-05-05,29534.384765625,17936566518,7.396e-05
2023-05-06,28904.623046875,15913866714,0.0001
2023-05-07,28454.978515625,11301355486,4.804666666666667e-05
2023-05-08,27694.2734375,19122903752,1.6763333333333333e-05
2023-05-09,27658.775390625,14128593256,4.109666666666666e-05
2023-05-10,27621.755859375,20656025026,4.109666666666666e-05
2023-05-11,27000.7890625,16724343943,4.109666666666666e-05
2023-05-12,26804.990234375,19313599897,3.453e-05
2023-05-13,26784.078125,9999171605,3.2896666666666666e-05
2023-05-14,26930.638671875,10014858959,2.763666666666667e-05
2023-05-15,27192.693359375,14413231792,8.803333333333334e-06
2023-05-16,27036.650390625,12732238816,5.875e-05
2023-05-17,27398.802734375,15140006925,6.627333333333333e-05
2023-05-18,26832.208984375,15222938600,9.447333333333334e-05
2023-05-19,26890.12890625,11258983301,3.6683333333333335e-05
2023-05-20,27129.5859375,7044911360,2.3063333333333337e-05
2023-05-21,26753.826171875,8647416921,5.7029999999999994e-05
2023-05-22,26851.27734375,11056770492,2.6663333333333333e-05
2023-05-23,27225.7265625,13697203143,0.0001
2023-05-24,26334.818359375,16299104428,5.476333333333333e-05
2023-05-25,26476.20703125,13851122697,8.606666666666667e-05
2023-05-26,26719.291015625,12711619225,8.178666666666667e-05
2023-05-27,26868.353515625,7892015141,7.690666666666667e-05
2023-05-28,28085.646484375,14545229578,9.96e-05
2023-05-29,27745.884765625,15181308984,0.0001
2023-05-30,27702.349609375,13251081851,6.361333333333334e-05
2023-05-31,27219.658203125,15656371534,5.024333333333334e-05
2023-06-01,26819.97265625,14678970415,7.245666666666667e-05
2023-06-02,27249.58984375,14837415000,7.994e-05
2023-06-03,27075.12890625,8385597470,7.662e-05
2023-06-04,27119.06640625,9360912318,8.283333333333335e-05
2023-06-05,25760.09765625,21513292646,9.131333333333332e-05
2023-06-06,27238.783203125,21929670693,-1.9719999999999998e-05
2023-06-07,26345.998046875,19530045082,8.001666666666667e-05
2023-06-08,26508.216796875,11904824295,4.201666666666667e-05
2023-06-09,26480.375,11015551640,6.302666666666667e-05
2023-06-10,25851.240234375,19872933189,4.9909999999999995e-05
2023-06-11,25940.16796875,10732609603,4.9909999999999995e-05
2023-06-12,25902.5,11677889997,5.116333333333333e-05
2023-06-13,25918.728515625,14143474486,7.561e-05
2023-06-14,25124.67578125,14265717766,2.9383333333333334e-05
2023-06-15,25576.39453125,15837384409,3.205e-05
2023-06-16,26327.462890625,16324646965,1.6626666666666664e-05
2023-06-17,26510.67578125,11090276850,9.137e-05
2023-06-18,26336.212890625,9565695129,6.214666666666667e-05
2023-06-19,26851.029296875,12826986222,5.7090000000000004e-05
2023-06-20,28327.48828125,22211859147,4.35e-06
2023-06-21,30027.296875,33346760979,6.282e-05
2023-06-22,29912.28125,20653160491,9.745333333333334e-05
2023-06-23,30695.46875,24115570085,0.0001
2023-06-24,30548.6953125,12147822496,0.0001
2023-06-25,30480.26171875,12703464114,0.0001
2023-06-26,30271.130859375,16493186997,0.0001
2023-06-27,30688.1640625,16428827944,0.0001
2023-06-28,30086.24609375,14571500779,7.966666666666667e-05
2023-06-29,30445.3515625,13180860821,8.624666666666668e-05
2023-06-30,30477.251953125,26387306197,0.0001
2023-07-01,30590.078125,9086606733,0.0001
2023-07-02,30620.76953125,10533418042,0.0001
2023-07-03,31156.439453125,15271884873,0.0001
2023-07-04,30777.58203125,12810828427,0.0001
2023-07-05,30514.166015625,12481622280,0.0001
2023-07-06,29909.337890625,21129219509,6.404e-05
2023-07-07,30342.265625,13384770155,1.4203333333333332e-05
2023-07-08,30292.541015625,7509378699,2.6913333333333335e-05
2023-07-09,30171.234375,7903327692,6.227e-05
2023-07-10,30414.470703125,14828209155,1.8876666666666665e-05
2023-07-11,30620.951171875,12151839152,6.743e-05
2023-07-12,30391.646484375,14805659717,6.743e-05
2023-07-13,31476.048828125,23686079548,1.838e-05
2023-07-14,30334.068359375,20917902660,0.0001
2023-07-15,30295.806640625,8011667756,-4.406666666666667e-06
2023-07-16,30249.1328125,8516564470,4.782666666666667e-05
2023-07-17,30145.888671875,13240156074,5.1080000000000006e-05
2023-07-18,29856.5625,13138897269,6.0860000000000003e-05
2023-07-19,29913.923828125,12128602812,7.638000000000001e-05
2023-07-20,29792.015625,14655207121,5.952e-05
2023-07-21,29908.744140625,10972789818,2.457e-05
2023-07-22,29771.802734375,7873300598,1.1053333333333333e-05
2023-07-23,30084.5390625,9220145050,7.426666666666666e-05
2023-07-24,29176.916015625,15395817395,8.112666666666668e-05
2023-07-25,29227.390625,10266772793,8.026666666666666e-05
2023-07-26,29354.97265625,13497554655,8.406333333333333e-05
2023-07-27,29210.689453125,10770779217,3.2806666666666665e-05
2023-07-28,29319.24609375,11218474952,7.016e-05
2023-07-29,29356.91796875,6481775959,7.365666666666667e-05
2023-07-30,29275.30859375,8678454527,6.022666666666667e-05
2023-07-31,29230.111328125,11656781982,5.99e-05
2023-08-01,29675.732421875,18272392391,7.689333333333333e-05
2023-08-02,29151.958984375,19212655598,0.0001
2023-08-03,29178.6796875,12780357746,0.0001
2023-08-04,29074.091796875,12036639988,9.372e-05
2023-08-05,29042.126953125,6598366353,8.060333333333333e-05
2023-08-06,29041.85546875,7269806994,0.0001
2023-08-07,29180.578125,13618163710,9.223e-05
2023-08-08,29765.4921875,17570561357,8.360000000000001e-05
2023-08-09,29561.494140625,18379521213,8.838e-05
2023-08-10,29429.591796875,11865344789,9.425666666666667e-05
2023-08-11,29397.71484375,10195168197,9.041000000000001e-05
2023-08-12,29415.96484375,6194358008,9.041000000000001e-05
2023-08-13,29282.9140625,7329897180,8.212333333333333e-05
2023-08-14,29408.443359375,14013695304,0.0001
2023-08-15,29170.34765625,12640195779,0.0001
2023-08-16,28701.779296875,14949271904,0.0001
2023-08-17,26664.55078125,31120851211,0.0001
2023-08-18,26049.556640625,24026236529,5.04e-05
2023-08-19,26096.205078125,10631443812,-1.9606666666666666e-05
2023-08-20,26189.583984375,9036580420,-2.542e-05
2023-08-21,26124.140625,13371557893,-1.2e-05
2023-08-22,26031.65625,14503820706,2.706666666666667e-06
2023-08-23,26431.640625,16985265785,9.886666666666666e-06
2023-08-24,26162.373046875,12871532023,1.528e-05
2023-08-25,26047.66796875,12406045118,2.4536666666666665e-05
2023-08-26,26008.462890625,6034817316,3.75e-05
2023-08-27,26089.693359375,6913768611,1.7690000000000002e-05
2023-08-28,26106.150390625,11002805166,2.851e-05
2023-08-29,27727.392578125,29368391712,-2.1136666666666664e-05
2023-08-30,27297.265625,16343655235,4.847666666666666e-05
2023-08-31,25931.47265625,20181001451,5.9576666666666675e-05
2023-09-01,25800.724609375,17202862221,4.935e-05
2023-09-02,25868.798828125,10100387473,1.639e-05
2023-09-03,25969.56640625,8962524523,2.6546666666666668e-05
2023-09-04,25812.416015625,10680635106,1.0333333333333333e-05
2023-09-05,25779.982421875,11094740040,1.798e-05
2023-09-06,25753.236328125,12752705327,3.6966666666666667e-06
2023-09-07,26240.1953125,11088307100,4.879e-05
2023-09-08,25905.654296875,10817356400,-9.013333333333332e-06
2023-09-09,25895.677734375,5481314132,-1.337e-05
2023-09-10,25832.2265625,7899553047,1.9433333333333332e-05
2023-09-11,25162.654296875,14600006467,1.1203333333333333e-05
2023-09-12,25833.34375,18657279324,1.1203333333333333e-05
2023-09-13,26228.32421875,13072077070,2.2336666666666666e-05
2023-09-14,26539.673828125,13811359124,-2.863333333333335e-06
2023-09-15,26608.693359375,11479735788,1.3863333333333333e-05
2023-09-16,26568.28125,7402031417,-2.9540000000000002e-05
2023-09-17,26534.1875,6774210670,8.96e-06
2023-09-18,26754.28125,15615339655,-2.2343333333333333e-05
2023-09-19,27211.1171875,13807690550,-4.2000000000000004e-06
2023-09-20,27132.0078125,13281116604,-2.460666666666667e-05
2023-09-21,26567.6328125,13371443708,3.901e-05
2023-09-22,26579.568359375,10578746709,1.0359999999999997e-05
2023-09-23,26579.390625,7404700301,2.8136666666666668e-05
2023-09-24,26256.826171875,8192867686,2.0719999999999995e-05
2023-09-25,26298.48046875,11997833257,4.0323333333333334e-05
2023-09-26,26217.25,9985498161,1.6699999999999982e-06
2023-09-27,26352.716796875,11718380997,5.1319999999999997e-05
2023-09-28,27021.546875,14079002707,-1.8796666666666666e-05
2023-09-29,26911.720703125,10396435377,-1.995e-05
2023-09-30,26967.916015625,5331172801,1.344e-05
2023-10-01,27983.75,9503917434,-8.623333333333333e-06
2023-10-02,27530.78515625,19793041322,1.694e-05
2023-10-03,27429.978515625,11407814187,2.7796666666666668e-05
2023-10-04,27799.39453125,11143355314,3.124666666666667e-05
2023-10-05,27415.912109375,11877253670,-3.459e-05
2023-10-06,27946.59765625,13492391599,-9.396666666666666e-06
2023-10-07,27968.83984375,6553044316,2.3520000000000002e-05
2023-10-08,27935.08984375,7916875290,2.1503333333333335e-05
2023-10-09,27583.677734375,12007668568,5.115e-05
2023-10-10,27391.01953125,9973350678,4.263666666666667e-05
2023-10-11,26873.3203125,13648094333,6.855666666666667e-05
2023-10-12,26756.798828125,9392909295,6.655e-05
2023-10-13,26862.375,15165312851,6.655e-05
2023-10-14,26861.70703125,5388116782,1.5906666666666665e-05
2023-10-15,27159.65234375,7098201980,1.669e-05
2023-10-16,28519.466796875,27833876539,3.394333333333334e-05
2023-10-17,28415.748046875,14872527508,-2.0466666666666673e-06
2023-10-18,28328.341796875,12724128586,-9.716666666666666e-06
2023-10-19,28719.806640625,14448058195,-4.2193333333333335e-05
2023-10-20,29682.94921875,21536125230,-1.5490000000000002e-05
2023-10-21,29918.412109375,11541146996,2.872e-05
2023-10-22,29993.896484375,10446520040,2.7536666666666667e-05
2023-10-23,33086.234375,38363572311,6.162666666666666e-05
2023-10-24,33901.52734375,44934999645,0.0001
2023-10-25,34502.8203125,25254318008,0.0001
2023-10-26,34156.6484375,19427195376,0.0001
2023-10-27,33909.80078125,16418032871,0.0001
2023-10-28,34089.57421875,10160330825,0.0001
2023-10-29,34538.48046875,11160323986,0.0001
2023-10-30,34502.36328125,17184860315,0.0001
2023-10-31,34667.78125,15758270810,0.0001
2023-11-01,35437.25390625,22446272005,0.0001
2023-11-02,34938.2421875,20998158544,0.0001
2023-11-03,34732.32421875,17158456701,0.0001
2023-11-04,35082.1953125,9561294264,0.0001
2023-11-05,35049.35546875,12412743996,0.0001
2023-11-06,35037.37109375,12693436420,0.0001
2023-11-07,35443.5625,18834737789,0.0001
2023-11-08,35655.27734375,17295394918,0.0001
2023-11-09,36693.125,37762672382,0.00013342333333333332
2023-11-10,37313.96875,22711265155,0.00010560666666666666
2023-11-11,37138.05078125,13924272142,0.00013751666666666666
2023-11-12,37054.51953125,11545715999,0.00022046000000000001
2023-11-13,36502.35546875,19057712790,0.00022046000000000001
2023-11-14,35537.640625,23857403554,0.00016076
2023-11-15,37880.58203125,27365821679,0.0001
2023-11-16,36154.76953125,26007385366,0.00012404333333333335
2023-11-17,36596.68359375,22445028430,0.0001
2023-11-18,36585.703125,11886022717,0.0001
2023-11-19,37386.546875,12915986553,0.0001
2023-11-20,37476.95703125,20888209068,0.0001
2023-11-21,35813.8125,25172163756,0.0001
2023-11-22,37432.33984375,24397247860,0.0001
2023-11-23,37289.62109375,14214948217,0.0001
2023-11-24,37720.28125,22922957823,0.0001
2023-11-25,37796.79296875,9099571165,0.0001
2023-11-26,37479.12109375,13744796068,0.0001
2023-11-27,37254.16796875,19002925720,0.0001
2023-11-28,37831.0859375,21696137014,0.0001
2023-11-29,37858.4921875,20728546658,0.0001
2023-11-30,37712.74609375,18115982627,0.0001
2023-12-01,38688.75,23512784002,0.0001
2023-12-02,39476.33203125,15534035612,8.488e-05
2023-12-03,39978.390625,15769696322,0.0001
2023-12-04,41980.09765625,39856129827,0.0001
2023-12-05,44080.6484375,36312154535,0.0001
2023-12-06,43746.4453125,29909761586,0.0001
2023-12-07,43292.6640625,27635760671,0.0001
2023-12-08,44166.6015625,24421116687,0.00017843333333333335
2023-12-09,43725.984375,17368210171,0.00019618333333333332
2023-12-10,43779.69921875,13000481418,0.00021676666666666669
2023-12-11,41243.83203125,40632672038,0.00011576666666666668
2023-12-12,41450.22265625,24779520132,0.0001
2023-12-13,42890.7421875,26797884674,0.00011557333333333333
2023-12-14,43023.97265625,25578530178,0.00011557333333333333
2023-12-15,41929.7578125,19639442462,0.0001
2023-12-16,42240.1171875,14386729590,0.0001
2023-12-17,41364.6640625,16678702876,0.0001
2023-12-18,42623.5390625,25224642008,0.00012988666666666668
2023-12-19,42270.52734375,23171001281,0.0001
2023-12-20,43652.25,27868908174,0.00014714333333333332
2023-12-21,43869.15234375,22452766169,0.0002843566666666667
2023-12-22,43997.90234375,21028503216,0.0002614233333333333
2023-12-23,43739.54296875,13507796558,0.00013783666666666668
2023-12-24,43016.1171875,18830554085,0.00016839666666666666
2023-12-25,43613.140625,21115795370,0.00019302666666666667
2023-12-26,42520.40234375,30026850982,0.0003223566666666667
2023-12-27,43442.85546875,25260941032,0.00032622333333333337
2023-12-28,42627.85546875,22992093014,0.00033684
2023-12-29,42099.40234375,26000021055,0.0005072133333333333
2023-12-30,42156.90234375,16013925945,0.0003815166666666667
2023-12-31,42265.1875,16397498810,0.0003200833333333333
2024-01-01,44167.33203125,18426978443,0.00032741
2024-01-02,44957.96875,39335274536,0.00051585
2024-01-03,42848.17578125,46342323118,0.00016094000000000001
2024-01-04,44179.921875,30448091210,0.0001
2024-01-05,44162.69140625,32336029347,0.0001
2024-01-06,43989.1953125,16092503468,0.0001
2024-01-07,43943.09765625,19330573863,0.0001
2024-01-08,46970.50390625,42746192015,0.0001
2024-01-09,46139.73046875,39821290992,0.0001
2024-01-10,46627.77734375,50114613298,0.0001
2024-01-11,46368.5859375,45833734549,0.0001
2024-01-12,42853.16796875,43332698900,0.0001
2024-01-13,42842.3828125,20601860469,0.0001
2024-01-14,41796.26953125,17521429522,0.0001
2024-01-15,42511.96875,22320220558,0.0001
2024-01-16,43154.9453125,24062872740,0.0001
2024-01-17,42742.65234375,20851232595,0.0001
2024-01-18,41262.05859375,25218357242,0.0001
2024-01-19,41618.40625,25752407154,0.0001
2024-01-20,41665.5859375,11586690904,0.0001
2024-01-21,41545.78515625,9344043642,0.0001
2024-01-22,39507.3671875,31338708143,0.0001
2024-01-23,39845.55078125,29244553045,0.0001
2024-01-24,40077.07421875,22359526178,0.0001
2024-01-25,39933.80859375,18491782013,0.0001
2024-01-26,41816.87109375,25598119893,0.0001
2024-01-27,42120.0546875,11422941934,9.088666666666666e-05
2024-01-28,42035.59375,16858971687,8.241666666666667e-05
2024-01-29,43288.24609375,20668476578,9.714000000000001e-05
2024-01-30,42952.609375,23842814518,8.213666666666667e-05
2024-01-31,42582.60546875,24673628793,7.384666666666667e-05
2024-02-01,43075.7734375,21423953779,0.0001
2024-02-02,43185.859375,18603843039,0.0001
2024-02-03,42992.25,11169245236,8.232333333333334e-05
2024-02-04,42583.58203125,14802225490,9.051000000000001e-05
2024-02-05,42658.66796875,18715487317,0.0001
2024-02-06,43084.671875,16798476726,8.907666666666668e-05
2024-02-07,44318.22265625,21126587775,7.068666666666666e-05
2024-02-08,45301.56640625,26154524080,6.375e-05
2024-02-09,47147.19921875,39316770844,7.653666666666667e-05
2024-02-10,47771.27734375,16398681570,9.347000000000001e-05
2024-02-11,48293.91796875,19315867136,0.0001
2024-02-12,49958.22265625,34511985805,0.0001
2024-02-13,49742.44140625,35593051468,0.0001
2024-02-14,51826.6953125,39105608050,0.0001
2024-02-15,51938.5546875,38564360533,0.0001
2024-02-16,52160.203125,28180567298,0.0001
2024-02-17,51662.99609375,20009091006,0.00012013666666666667
2024-02-18,52122.546875,17595377311,0.00016546666666666669
2024-02-19,51779.14453125,21362184346,0.00018661666666666666
2024-02-20,52284.875,33353758256,0.00013877333333333331
2024-02-21,51839.1796875,28624907020,0.00010414
2024-02-22,51304.97265625,25413900611,0.00012012333333333334
2024-02-23,50731.94921875,21427078270,0.00010996999999999999
2024-02-24,51571.1015625,15174077879,0.0001
2024-02-25,51733.23828125,15413239245,0.00013837333333333333
2024-02-26,54522.40234375,34074411896,0.00025185
2024-02-27,57085.37109375,49756832031,0.00042916000000000004
2024-02-28,62504.7890625,83239156760,0.0003464966666666667
2024-02-29,61198.3828125,65496611844,0.0006748633333333332
2024-03-01,62440.6328125,40186368423,0.0005471866666666667
2024-03-02,62029.84765625,23888473685,0.0004899866666666667
2024-03-03,63167.37109375,26253811450,0.00044618
2024-03-04,68330.4140625,70670471105,0.0005517466666666667
2024-03-05,63801.19921875,102802940877,0.00073359
2024-03-06,66106.8046875,68750229073,0.00039836666666666663
2024-03-07,66925.484375,46989543159,0.0004183733333333333
2024-03-08,68300.09375,59202881172,0.00047076333333333334
2024-03-09,68498.8828125,21609650379,0.0002560733333333333
2024-03-10,69019.7890625,35683977532,0.0004964666666666667
2024-03-11,72123.90625,65716656765,0.0006010433333333334
2024-03-12,71481.2890625,62554434520,0.0004590166666666667
2024-03-13,73083.5,48212536929,0.00047682
2024-03-14,71396.59375,59594605698,0.0003380133333333333
2024-03-15,69403.7734375,78320453976,0.00022716333333333333
2024-03-16,65315.1171875,46842198371,0.00022716333333333333
2024-03-17,68390.625,44716864318,0.00018563
2024-03-18,67548.59375,49261579492,0.00025990999999999997
2024-03-19,61912.7734375,74215844794,0.00026668666666666667
2024-03-20,67913.671875,66792634382,0.00014745
2024-03-21,65491.390625,44480350565,0.00016405666666666666
2024-03-22,63778.76171875,41401116964,0.00012754666666666667
2024-03-23,64062.203125,24738964812,0.00010268666666666668
2024-03-24,67234.171875,27206630673,0.00013617
2024-03-25,69958.8125,42700139523,0.00023562666666666668
2024-03-26,69987.8359375,36010437368,0.00022358333333333334
2024-03-27,69455.34375,40827113309,0.00033979666666666665
2024-03-28,70744.953125,34374900617,0.00027841333333333335
2024-03-29,69892.828125,25230851763,0.0002462533333333333
2024-03-30,69645.3046875,17130241883,0.0002875033333333333
2024-03-31,71333.6484375,20050941373,0.0003751366666666666
2024-04-01,69702.1484375,34873527352,0.00043706999999999996
2024-04-02,65446.97265625,50705240709,0.00012460666666666667
2024-04-03,65980.8125,34488018367,0.0001
2024-04-04,68508.84375,34439527442,0.0001
2024-04-05,67837.640625,33748230056,0.0001
2024-04-06,68896.109375,19967785809,0.0001
2024-04-07,69362.5546875,21204930369,0.0001
2024-04-08,71631.359375,37261432669,0.00018396333333333333
2024-04-09,69139.015625,36426900409,0.00020192999999999999
2024-04-10,70587.8828125,38318601774,0.00011462000000000001
2024-04-11,70060.609375,30153382941,0.00017964999999999998
2024-04-12,67195.8671875,44129299406,0.00016367333333333332
2024-04-13,63821.47265625,52869738185,0.0001
2024-04-14,65738.7265625,49084320047,0.0001
2024-04-15,63426.2109375,43595917654,7.253e-05
2024-04-16,63811.86328125,42847528078,7.253e-05
2024-04-17,61276.69140625,41915247049,5.494333333333333e-05
2024-04-18,63512.75390625,36006307335,3.195e-05
2024-04-19,63843.5703125,49920425401,3.133666666666667e-05
2024-04-20,64994.44140625,23097485495,4.479333333333333e-05
2024-04-21,64926.64453125,20506644853,3.1213333333333335e-05
2024-04-22,66837.6796875,28282686673,2.6013333333333334e-05
2024-04-23,66407.2734375,24310975583,9.736666666666668e-06
2024-04-24,64276.8984375,30276655120,4.587333333333333e-05
2024-04-25,64481.70703125,32155786816,4.076333333333333e-05
2024-04-26,63755.3203125,24139372950,2.652e-05
2024-04-27,63419.140625,19530783039,6.768e-05
2024-04-28,63113.23046875,17334827993,5.6900000000000014e-06
2024-04-29,63841.12109375,26635912073,4.948e-05
2024-04-30,60636.85546875,37840840057,9.631333333333333e-05
2024-05-01,58254.01171875,48439780271,9.616000000000001e-05
2024-05-02,59123.43359375,32711813559,4.2266666666666666e-05
2024-05-03,62889.8359375,33172023048,9.259999999999998e-06
2024-05-04,63891.47265625,20620477992,5.474333333333334e-05
2024-05-05,64031.1328125,18296164805,3.815333333333334e-05
2024-05-06,63161.94921875,28697928697,2.439e-05
2024-05-07,62334.81640625,25930730982,5.5576666666666666e-05
2024-05-08,61187.94140625,26088172222,6.578666666666666e-05
2024-05-09,63049.9609375,25453338161,5.405333333333333e-05
2024-05-10,60792.77734375,27804954694,4.8710000000000006e-05
2024-05-11,60793.7109375,13842272968,5.9063333333333334e-05
2024-05-12,61448.39453125,13800459405,5.144666666666666e-05
2024-05-13,62901.44921875,27889181179,9.206666666666666e-05
2024-05-14,61552.7890625,28186271527,8.086e-05
2024-05-15,66267.4921875,39815167074,3.996e-05
2024-05-16,65231.58203125,31573077994,3.598e-05
2024-05-17,67051.875,28031279310,3.598e-05
2024-05-18,66940.8046875,16712277406,2.6159999999999997e-05
2024-05-19,66278.3671875,19249094538,4.4426666666666666e-05
2024-05-20,71448.1953125,43850655717,3.5459999999999996e-05
2024-05-21,70136.53125,46932005990,0.00010172333333333334
2024-05-22,69122.3359375,32802561717,0.00011919666666666666
2024-05-23,67929.5625,41895680979,0.0001
2024-05-24,68526.1015625,29197308153,0.0001
2024-05-25,69265.9453125,15473071741,0.0001
2024-05-26,68518.09375,15628433737,0.0001
2024-05-27,69394.5546875,25870990717,0.0001
2024-05-28,68296.21875,32722265965,0.0001
2024-05-29,67578.09375,26707072906,0.00010852666666666667
2024-05-30,68364.9921875,29509712534,0.0001
2024-05-31,67491.4140625,27387283769,0.00012289
2024-06-01,67706.9375,11641495604,0.00010083333333333335
2024-06-02,67751.6015625,17110588415,0.0001
2024-06-03,68804.78125,32401285324,0.00011378333333333333
2024-06-04,70567.765625,33149696545,0.00010669333333333335
2024-06-05,71082.8203125,32810771409,0.00013204333333333333
2024-06-06,70757.1640625,25223152007,0.00010735999999999999
2024-06-07,69342.5859375,36188381096,0.00010055333333333335
2024-06-08,69305.7734375,14262185861,0.0001
2024-06-09,69647.9921875,13534028500,0.0001
2024-06-10,69512.28125,20597699541,0.0001
2024-06-11,67332.03125,37116136345,0.0001
2024-06-12,68241.1875,34497940694,0.0001
2024-06-13,66756.3984375,28955204146,0.0001
2024-06-14,66011.09375,27403884779,0.0001
2024-06-15,66191.0,14121265576,0.0001
2024-06-16,66639.046875,13281140541,0.0001
2024-06-17,66490.296875,30006354476,0.0001
2024-06-18,65140.74609375,39481285950,9.412e-05
2024-06-19,64960.296875,21103423504,5.698000000000001e-05
2024-06-20,64828.65625,25641109124,5.588666666666667e-05
2024-06-21,64096.19921875,26188171739,6.890666666666668e-05
2024-06-22,64252.578125,9858198793,8.048666666666667e-05
2024-06-23,63180.796875,11170471802,5.6609999999999995e-05
2024-06-24,60277.4140625,43152133651,9.007333333333334e-05
2024-06-25,61804.640625,29201215431,7.049333333333334e-05
2024-06-26,60811.27734375,22506003064,0.0001
2024-06-27,61604.80078125,21231745045,0.0001
2024-06-28,60320.13671875,24952866877,0.0001
2024-06-29,60887.37890625,12652903396,0.0001
2024-06-30,62678.29296875,17333226409,0.0001
2024-07-01,62851.98046875,25468379421,0.0001
2024-07-02,62029.015625,20151616992,0.0001
2024-07-03,60173.921875,29756701685,0.0001
2024-07-04,56977.703125,41149609230,0.0001
2024-07-05,56662.375,55417544033,7.254000000000001e-05
2024-07-06,58303.5390625,20610320577,5.497e-05
2024-07-07,55849.109375,20553359505,9.388e-05
2024-07-08,56705.09765625,39766159899,8.709e-05
2024-07-09,58009.2265625,27849512607,6.953666666666667e-05
2024-07-10,57742.49609375,26175260526,8.236666666666666e-05
2024-07-11,57344.9140625,28707803842,0.0001
2024-07-12,57899.46484375,25604805221,4.480333333333334e-05
2024-07-13,59231.953125,17080061806,8.394666666666668e-05
2024-07-14,60787.79296875,22223416061,6.929666666666666e-05
2024-07-15,64870.15234375,38094526099,2.426e-05
2024-07-16,65097.1484375,41617346768,2.1563333333333334e-05
2024-07-17,64118.79296875,32525071311,1.6633333333333326e-06
2024-07-18,63974.06640625,27239305337,1.6633333333333326e-06
2024-07-19,66710.15625,37003855410,4.4966666666666664e-05
2024-07-20,67163.6484375,19029581250,1.6300000000000007e-06
2024-07-21,68154.5234375,26652190004,-8.243333333333335e-06
2024-07-22,67585.25,42649109453,5.9526666666666674e-05
2024-07-23,65927.671875,35605668666,4.553666666666667e-05
2024-07-24,65372.1328125,27470942309,0.0001
2024-07-25,65777.2265625,38315761670,0.0001
2024-07-26,67912.0625,30488630457,7.780000000000001e-05
2024-07-27,67813.3359375,34691905492,7.892666666666666e-05
2024-07-28,68255.8671875,18043166945,6.720333333333333e-05
2024-07-29,66819.9140625,40780682628,7.994666666666666e-05
2024-07-30,66201.015625,31380492109,4.883e-05
2024-07-31,64619.25,31292785994,4.689e-05
2024-08-01,65357.5,40975554494,9.402666666666667e-05
2024-08-02,61415.06640625,43060875727,0.0001
2024-08-03,60680.09375,31753030589,8.011666666666667e-05
2024-08-04,58116.9765625,31758917219,8.447666666666668e-05
2024-08-05,53991.45703125,108991085584,6.798666666666666e-05
2024-08-06,56034.31640625,49300484106,1.7353333333333332e-05
2024-08-07,55027.4609375,41637562185,-1.4493333333333334e-05
2024-08-08,61710.13671875,45298472567,2.29e-05
2024-08-09,60880.11328125,33425553115,4.008e-05
2024-08-10,60945.8125,15745822278,-2.4233333333333334e-05
2024-08-11,58719.484375,22759754812,1.1316666666666666e-05
2024-08-12,59354.515625,37078637820,2.5526666666666667e-05
2024-08-13,60609.56640625,30327698167,9.196666666666666e-06
2024-08-14,58737.26953125,29961696180,-2.6629999999999997e-05
2024-08-15,57560.09765625,35682112440,-2.776666666666667e-05
2024-08-16,58894.10546875,29350938673,-6.392999999999999e-05
2024-08-17,59478.97265625,13589684021,1.9790000000000002e-05
2024-08-18,58483.96484375,17740625837,1.9790000000000002e-05
2024-08-19,59493.453125,25911207712,-4.1076666666666666e-05
2024-08-20,59012.79296875,31613400008,3.7333333333333313e-07
2024-08-21,61175.19140625,32731154072,-2.317e-05
2024-08-22,60381.9140625,27625734377,-2.717333333333333e-05
2024-08-23,64094.35546875,42530509233,-1.7516666666666668e-05
2024-08-24,64178.9921875,21430585163,1.633333333333333e-05
2024-08-25,64333.54296875,18827683555,-1.0763333333333332e-05
2024-08-26,62880.66015625,27682040631,3.225333333333333e-05
2024-08-27,59504.1328125,39103882198,4.099666666666667e-05
2024-08-28,59027.625,40289564698,-1.0756666666666666e-05
2024-08-29,59388.1796875,32224990582,-6.87e-06
2024-08-30,59119.4765625,32292756405,2.4803333333333334e-05
2024-08-31,58969.8984375,12403470760,1.8763333333333334e-05
2024-09-01,57325.48828125,24592449997,9.966666666666682e-07
2024-09-02,59112.48046875,27036454524,-1.167e-05
2024-09-03,57431.0234375,26666961053,5.322e-05
2024-09-04,57971.5390625,35627680312,5.9633333333333336e-06
2024-09-05,56160.48828125,31030280656,4.510333333333333e-05
2024-09-06,53948.75390625,49361693566,1.2356666666666665e-05
2024-09-07,54139.6875,19061486526,-5.142333333333334e-05
2024-09-08,54841.56640625,18268287531,-2.4996666666666667e-05
2024-09-09,57019.53515625,34618096173,-6.189333333333333e-05
2024-09-10,57648.7109375,28857630507,-3.361333333333333e-05
2024-09-11,57343.171875,37049062672,-5.4706666666666676e-05
2024-09-12,58127.01171875,33835707949,-1.8156666666666665e-05
2024-09-13,60571.30078125,32490528356,-1.127e-05
2024-09-14,60005.12109375,16428405496,-1.838e-05
2024-09-15,59182.8359375,18120960867,-2.9333333333333337e-07
2024-09-16,58192.5078125,32032822113,4.242666666666667e-05
2024-09-17,60308.5390625,38075570118,5.2556666666666664e-05
2024-09-18,61649.6796875,40990702891,5.2556666666666664e-05
2024-09-19,62940.45703125,42710252573,3.511e-05
2024-09-20,63192.9765625,35177164222,4.3683333333333336e-05
2024-09-21,63394.83984375,14408616220,7.624e-05
2024-09-22,63648.7109375,20183348802,7.025333333333333e-05
2024-09-23,63329.80078125,31400285425,4.4046666666666666e-05
2024-09-24,64301.96875,29938335243,1.679e-05
2024-09-25,63143.14453125,25078377700,1.2333333333333333e-05
2024-09-26,65181.01953125,36873129847,5.965333333333333e-05
2024-09-27,65790.6640625,32058813449,6.332333333333334e-05
2024-09-28,65887.6484375,15243637984,5.056333333333334e-05
2024-09-29,65635.3046875,14788214575,3.702e-05
2024-09-30,63329.5,37112957475,7.005333333333334e-05
2024-10-01,60837.0078125,50220923500,0.0001
2024-10-02,60632.78515625,40762722398,7.744e-05
2024-10-03,60759.40234375,36106447279,4.3723333333333335e-05
2024-10-04,62067.4765625,29585472513,3.153e-05
2024-10-05,62089.94921875,13305410749,1.1766666666666667e-06
2024-10-06,62818.953125,14776233667,2.68e-05
2024-10-07,62236.66015625,34253562610,1.9326666666666666e-05
2024-10-08,62131.96875,28134475157,4.505333333333333e-05
2024-10-09,60582.1015625,27670982363,7.692333333333333e-05
2024-10-10,60274.5,30452813570,4.540666666666667e-05
2024-10-11,62445.08984375,30327141594,1.5900000000000007e-06
2024-10-12,63193.0234375,16744110886,3.5776666666666666e-05
2024-10-13,62851.375,18177529690,2.0896666666666666e-05
2024-10-14,66046.125,43706958056,8.476333333333334e-05
2024-10-15,67041.109375,48863870879,0.0001
2024-10-16,67612.71875,38195189534,8.941666666666668e-05
2024-10-17,67399.8359375,32790898511,0.0001
2024-10-18,68418.7890625,36857165014,0.0001
2024-10-19,68362.734375,14443497908,0.0001
2024-10-20,69001.703125,18975847518,0.0001
2024-10-21,67367.8515625,37498611780,0.0001
2024-10-22,67361.40625,31808472566,0.0001
2024-10-23,66432.1953125,32263980353,0.0001
2024-10-24,68161.0546875,31414428647,0.0001
2024-10-25,66642.4140625,41469984306,0.0001
2024-10-26,67014.6953125,19588098156,7.441333333333333e-05
2024-10-27,67929.296875,16721307878,9.908e-05
2024-10-28,69907.7578125,38799856657,9.457e-05
2024-10-29,72720.4921875,58541874402,0.0001
2024-10-30,72339.5390625,40646637831,0.0001
2024-10-31,70215.1875,40627912076,0.0001
2024-11-01,69482.46875,49989795365,0.0001
2024-11-02,69289.2734375,18184612091,0.0001
2024-11-03,68741.1171875,34868307655,0.0001
2024-11-04,67811.5078125,41184819348,0.0001
2024-11-05,69359.5625,46046889204,0.0001
2024-11-06,75639.078125,118592653963,0.0001
2024-11-07,75904.859375,63467654989,0.0001
2024-11-08,76545.4765625,55176858003,0.0001
2024-11-09,76778.8671875,29009480361,0.0001
2024-11-10,80474.1875,82570594495,0.00016571999999999998
2024-11-11,88701.484375,117966845037,0.00018959333333333332
2024-11-12,87955.8125,133673285375,0.00043874666666666664
2024-11-13,90584.1640625,123559027869,0.00014985666666666666
2024-11-14,87250.4296875,87616705248,0.0001
2024-11-15,91066.0078125,78243109518,0.00010325666666666667
2024-11-16,90558.4765625,44333192814,0.00011077000000000001
2024-11-17,89845.8515625,46350159305,0.00012114000000000001
2024-11-18,90542.640625,75535775084,0.0002258933333333333
2024-11-19,92343.7890625,74521048295,0.0002258933333333333
2024-11-20,94339.4921875,71730956426,0.0001
2024-11-21,98504.7265625,106024505582,0.0001
2024-11-22,98997.6640625,78473580551,0.0001
2024-11-23,97777.28125,44414644677,0.0001
2024-11-24,98013.8203125,51712020623,0.00016458666666666665
2024-11-25,93102.296875,80909462490,0.00018756
2024-11-26,91985.3203125,91656519855,0.00023145666666666664
2024-11-27,95962.53125,71133452438,0.00019333333333333333
2024-11-28,95652.46875,52260008261,0.00012061666666666667
2024-11-29,97461.5234375,54968682476,0.00018095666666666666
2024-11-30,96449.0546875,31634227866,0.00012657333333333334
2024-12-01,97279.7890625,36590695296,0.00015160666666666668
2024-12-02,95865.3046875,72680784305,0.00021223
2024-12-03,96002.1640625,67067810961,0.00016552333333333334
2024-12-04,98768.53125,77199817112,0.00025373999999999997
2024-12-05,96593.5703125,149218945580,0.0004904333333333333
2024-12-06,99920.7109375,94534772658,0.00011544666666666666
2024-12-07,99923.3359375,44177510897,0.00019478666666666668
2024-12-08,101236.015625,44125751925,0.00017045666666666668
2024-12-09,97432.71875,110676473908,0.00020853333333333335
2024-12-10,96675.4296875,104823780634,0.0001
2024-12-11,101173.03125,85391409936,0.0001
2024-12-12,100043.0,72073983533,0.0001
2024-12-13,101459.2578125,56894751583,0.0001
2024-12-14,101372.96875,40422968793,8.916666666666666e-05
2024-12-15,104298.6953125,51145914137,9.398e-05
2024-12-16,106029.71875,91020417816,9.727e-05
2024-12-17,106140.6015625,68589364868,9.288666666666667e-05
2024-12-18,100041.5390625,93865656139,9.719666666666666e-05
2024-12-19,97490.953125,97221662392,0.0001
2024-12-20,97755.9296875,105634083408,0.0001
2024-12-21,97224.7265625,51765334294,7.068666666666668e-05
2024-12-22,95104.9375,43147981314,9.876333333333334e-05
2024-12-23,94686.2421875,65239002919,9.660333333333333e-05
2024-12-24,98676.09375,47114953674,0.0001
2024-12-25,99299.1953125,33700394629,0.0001
2024-12-26,95795.515625,47054980873,8.621666666666667e-05
2024-12-27,94164.859375,52419934565,0.0001
2024-12-28,95163.9296875,24107436185,7.604e-05
2024-12-29,93530.2265625,29635885267,9.337666666666668e-05
2024-12-30,92643.2109375,56188003691,6.249666666666667e-05
