datetime,Mean_Returns_10,Sharpe_Ratio_10,Sortino_Ratio_10,Calmar_Ratio_10,Skewness_10,Kurtosis_10,Hurst_Returns_10,ACF_Lag_1_10,Mean_Returns_1_10,Sharpe_Ratio_1_10,ACF_Lag_3_10,Mean_Returns_3_10,Sharpe_Ratio_3_10,ACF_Lag_5_10,Mean_Returns_5_10,Sharpe_Ratio_5_10,ACF_Lag_7_10,Mean_Returns_7_10,Sharpe_Ratio_7_10,ACF_Lag_9_10,Mean_Returns_9_10,Sharpe_Ratio_9_10,Jarque-Bera_statistic,Jarque-Bera_pvalue,VaR_95_10,CVaR_95_10,Omega_Ratio_10,Mean_Returns_1,Mean_Returns_5,Mean_Returns_30,Sharpe_Ratio_30,Sortino_Ratio_30,Calmar_Ratio_30,Skewness_30,Kurtosis_30,Hurst_Returns_30,ACF_Lag_1_30,Mean_Returns_1_30,Sharpe_Ratio_1_30,ACF_Lag_3_30,Mean_Returns_3_30,Sharpe_Ratio_3_30,ACF_Lag_5_30,Mean_Returns_5_30,Sharpe_Ratio_5_30,ACF_Lag_7_30,Mean_Returns_7_30,Sharpe_Ratio_7_30,ACF_Lag_9_30,Mean_Returns_9_30,Sharpe_Ratio_9_30,VaR_95_30,CVaR_95_30,Omega_Ratio_30,Cumulative_Returns,Log_Returns,Volatility_of_Volatility_30,Max_Drawdown_Duration_30
2024-07-02 03:00:00,,,,,,,,,,,,,,,,,,,,,,,,,,,,0.0,,,,,,,,,,,,,,,,,,,,,,,,,,,0.0,0.0,,
2024-07-03 03:00:00,,,,,,,,,,,,,,,,,,,,,,,,,,,,0.0,,,,,,,,,,,,,,,,,,,,,,,,,,,0.0,0.0,,
2024-07-04 03:00:00,,,,,,,,,,,,,,,,,,,,,,,,,,,,0.0,,,,,,,,,,,,,,,,,,,,,,,,,,,0.0,0.0,,
2024-07-05 03:00:00,,,,,,,,,,,,,,,,,,,,,,,,,,,,0.0,,,,,,,,,,,,,,,,,,,,,,,,,,,0.0,0.0,,
2024-07-06 03:00:00,,,,,,,,,,,,,,,,,,,,,,,,,,,,0.0,0.0,,,,,,,,,,,,,,,,,,,,,,,,,,0.0,0.0,,
2024-07-07 03:00:00,,,,,,,,,,,,,,,,,,,,,,,,,,,,0.0,0.0,,,,,,,,,,,,,,,,,,,,,,,,,,0.0,0.0,,
2024-07-08 03:00:00,,,,,,,,,,,,,,,,,,,,,,,,,,,,0.0,0.0,,,,,,,,,,,,,,,,,,,,,,,,,,0.0,0.0,,
2024-07-09 03:00:00,,,,,,,,,,,,,,,,,,,,,,,,,,,,0.0,0.0,,,,,,,,,,,,,,,,,,,,,,,,,,0.0,0.0,,
2024-07-10 03:00:00,,,,,,,,,,,,,,,,,,,,,,,,,,,,0.0,0.0,,,,,,,,,,,,,,,,,,,,,,,,,,0.0,0.0,,
2024-07-11 03:00:00,-0.00043581229999998,-6.041522986797284,,,-3.1622776601683795,10.000000000000002,,,,,,,,,,,,,,,,,,,-0.0023969676499998897,-0.0043581229999998,0.0,-0.0043581229999998,-0.00087162459999996,,,,,,,,,,,,,,,,,,,,,,,,,,-0.004358122999999825,-0.004367647300162395,,
2024-07-12 03:00:00,-0.0007266639999999999,-8.844961441597471,,-0.007253964325166451,-1.9829332831692572,2.8097613027694064,,0.47967117317323654,-0.00043581229999998,-6.041522986797284,,,,,,,,,,,,,,,-0.00370580029999998,-0.0043581229999998,0.0,-0.0029085170000002,-0.0014533279999999998,,,,,,,,,,,,,,,,,,,,,,,,,,-0.007253964325166451,-0.00291275495500741,,
2024-07-13 03:00:00,-5.968539999997996e-05,-0.4034241574323721,,-0.0006325607148667256,1.2436893045425326,4.065812569156109,,-0.18290055378931033,-0.0007266639999999999,-8.844961441597471,,,,,,,,,,,,,,,-0.00370580029999998,-0.0043581229999998,0.9178638143920463,0.0066697860000002,-0.00011937079999995992,,,,,,,,,,,,,,,,,,,,,,,,,,-0.0006325607148667256,0.006647641389364614,,
2024-07-14 03:00:00,0.0011096874000000201,4.53871613167693,,0.011053770292190235,1.5276554003700171,2.3855870443208604,,0.6081296166414741,-5.968539999997996e-05,-0.4034241574323721,-0.789839489177259,-0.00043581229999998,-6.041522986797284,,,,,,,,,,,,-0.00370580029999998,-0.0043581229999998,2.527098321547561,0.011693728,0.0022193748000000403,,,,,,,,,,,,,,,,,,,,,,,,,,0.011053770292190235,0.011625884744245961,,
2024-07-15 03:00:00,0.00044667170000002007,1.6170589889554523,,0.004350325059711002,1.0963696275260457,1.477039833393116,,-0.05325115976426436,0.0011096874000000201,4.53871613167693,-0.3834613899413667,-0.0007266639999999999,-8.844961441597471,,,,,,,,,,,,-0.00560774169999991,-0.006630157,1.3214206027373172,-0.006630157,0.0008933434000000401,,,,,,,,,,,,,,,,,,,,,,,,,,0.004350325059711002,-0.0066522341282474196,,
2024-07-16 03:00:00,0.0018435663000000001,5.194443498162059,,0.01838004051555253,0.8338024780009973,-0.3368297834776044,,-0.33712725836141677,0.00044667170000002007,1.6170589889554523,0.37225564792596105,-5.968539999997996e-05,-0.4034241574323721,-0.583713785555914,-0.00043581229999998,-6.041522986797284,,,,,,,,,-0.00560774169999991,-0.006630157,2.326612367392196,0.0139689459999998,0.00455875719999996,,,,,,,,,,,,,,,,,,,,,,,,,,0.01838004051555253,0.013872279453480532,,
2024-07-17 03:00:00,0.0026416132,7.204161945208226,,0.02650719085910569,0.4227295176111878,-1.1549396919447485,,-0.09840891338079634,0.0018435663000000001,5.194443498162059,0.40260905611893927,0.0011096874000000201,4.53871613167693,-0.5331879354281744,-0.0007266639999999999,-8.844961441597471,,,,,,,,,-0.00560774169999991,-0.006630157,2.9008791529380535,0.007980469,0.0067365544,,,,,,,,,,,,,,,,,,,,,,,,,,0.02650719085910569,0.007948793469396467,,
2024-07-18 03:00:00,6.425729999999034e-05,0.10740951376691828,,5.044721157410059e-05,-1.1736167481509971,2.1789627784519405,,-0.27296744264090533,0.0026416132,7.204161945208226,0.600897597023876,0.00044667170000002007,1.6170589889554523,-0.908506028675161,-5.968539999997996e-05,-0.4034241574323721,0.9901879110518713,-0.00043581229999998,-6.041522986797284,,,,,,-0.017159028100000057,-0.0257735590000001,1.0161978102334175,-0.0257735590000001,0.0002478853999999406,,,,,,,,,,,,,,,,,,,,,,,,,,5.044721157410059e-05,-0.026111516733914063,,
2024-07-19 03:00:00,-0.0004354282999999997,-0.7207908923534276,,-0.0024733304329387917,-0.9890800411294451,1.6468326467595733,,-0.053900830687659954,6.425729999999034e-05,0.10740951376691828,0.36288352634210747,0.0018435663000000001,5.194443498162059,-0.6719603094086628,0.0011096874000000201,4.53871613167693,0.9481157900156956,-0.0007266639999999999,-8.844961441597471,,,,,,-0.017159028100000057,-0.0257735590000001,0.9025172403808922,-0.0049968559999999,-0.0030902314000000397,,,,,,,,,,,,,,,,,,,,,,,,,,-0.0049466608658775835,-0.005009382029541344,,
2024-07-20 03:00:00,0.0031297446000000005,3.6817534576458435,,0.015264355560738685,0.33090867973001564,1.4785149583302757,,-0.13529109735788916,-0.0004354282999999997,-0.7207908923534276,0.4359626314255125,0.0026416132,7.204161945208226,-0.8001609384564726,0.00044667170000002007,1.6170589889554523,0.9763973384853211,-5.968539999997996e-05,-0.4034241574323721,,-0.00043581229999998,-6.041522986797284,,,-0.017159028100000057,-0.0257735590000001,1.7006805311675137,0.035651729,0.00536614579999996,,,,,,,,,,,,,,,,,,,,,,,,,,0.03052871112147737,0.035030918400934766,,
2024-07-21 03:00:00,0.0019089376999999897,2.1092219194638915,,0.008946438495136877,0.3454498334193406,0.6429077060185863,,-0.37586623676175707,0.0031297446000000005,3.6817534576458435,0.5940144262196418,6.425729999999034e-05,0.10740951376691828,-0.8157196861070267,0.0018435663000000001,5.194443498162059,-0.03435115154908955,0.0011096874000000201,4.53871613167693,,-0.0007266639999999999,-8.844961441597471,,,-0.02163024385000001,-0.0257735590000001,1.3356357371919847,-0.0165661919999999,-0.0007408817999999797,,,,,,,,,,,,,,,,,,,,,,,,,,0.013456774631526613,-0.016704945909040637,,
2024-07-22 03:00:00,0.0035513050000000003,3.8636906688924353,,0.01732959091682773,0.02089334039377287,0.2689260691095825,,-0.4129021602520008,0.0019089376999999897,2.1092219194638915,0.5284240752268591,-0.0004354282999999997,-0.7207908923534276,-0.7644719117600928,0.0026416132,7.204161945208226,-0.3486544990315469,0.00044667170000002007,1.6170589889554523,,-5.968539999997996e-05,-0.4034241574323721,,,-0.02163024385000001,-0.0257735590000001,1.6580540911104966,0.0135151559999999,0.0003660556000000002,,,,,,,,,,,,,,,,,,,,,,,,,,0.027153801039928593,0.013424640917494178,,
2024-07-23 03:00:00,0.00299180779999996,3.2589273496995443,,0.014454323757521759,0.1394683828516972,0.30717000954099355,,-0.4302626513601828,0.0035513050000000003,3.8636906688924353,0.3508221382783588,0.0031297446000000005,3.6817534576458435,-0.3421472373061274,6.425729999999034e-05,0.10740951376691828,-0.7491704770427211,0.0018435663000000001,5.194443498162059,,0.0011096874000000201,4.53871613167693,,,-0.02163024385000001,-0.0257735590000001,1.5543796890353054,0.0010748139999998,0.00573573019999998,,,,,,,,,,,,,,,,,,,,,,,,,,0.028257800325439453,0.0010742368009832703,,
2024-07-24 03:00:00,0.00019665849999998992,0.20629562314333574,,0.00024076679720030914,0.5259694550419615,0.1466828575796433,,-0.381673830304768,0.00299180779999996,3.2589273496995443,0.4082057895832476,0.0019089376999999897,2.1092219194638915,-0.18694963801687145,-0.0004354282999999997,-0.7207908923534276,-0.6179460342784516,0.0026416132,7.204161945208226,,0.00044667170000002007,1.6170589889554523,,,-0.02163024385000001,-0.0257735590000001,1.0280042447447315,-0.0162577649999997,0.00348354840000002,,,,,,,,,,,,,,,,,,,,,,,,,,0.011540626648331997,-0.016391372547241132,,
2024-07-25 03:00:00,0.00028893229999998004,0.30369370332351386,,0.0004702925401824191,0.512673515982969,0.163880167103182,,-0.30111581500929596,0.00019665849999998992,0.20629562314333574,0.33939621199416875,0.0035513050000000003,3.8636906688924353,-0.12579393828100413,0.0031297446000000005,3.6817534576458435,0.015337208533084647,6.425729999999034e-05,0.10740951376691828,,0.0018435663000000001,5.194443498162059,,,-0.02163024385000001,-0.0257735590000001,1.0416918935880117,-0.0057074190000001,-0.004788281199999999,,,,,,,,,,,,,,,,,,,,,,,,,,0.00576734045652727,-0.005723768554671693,,
2024-07-26 03:00:00,-0.0027088620999999704,-2.8527245731303688,,-0.0070489469202290045,0.9813117423156226,0.9659952953188987,,-0.3326760645566572,0.00028893229999998004,0.30369370332351386,0.36441669562534856,0.00299180779999996,3.2589273496995443,0.17144823546015925,0.0019089376999999897,2.1092219194638915,-0.9322131667458196,-0.0004354282999999997,-0.7207908923534276,,0.0026416132,7.204161945208226,,,-0.02163024385000001,-0.0257735590000001,0.682471333511556,-0.0160089979999997,-0.00467684239999996,,,,,,,,,,,,,,,,,,,,,,,,,,-0.01033398688530629,-0.016138526280635824,,
2024-07-27 03:00:00,-0.0033570495999999707,-3.597046511917357,,-0.006889005846235241,1.1418917067515348,1.5640629306319371,,-0.2884435976264146,-0.0027088620999999704,-2.8527245731303688,0.32529885976052775,0.00019665849999998992,0.20629562314333574,0.1726757538349208,0.0035513050000000003,3.8636906688924353,0.570012372056153,0.0031297446000000005,3.6817534576458435,,6.425729999999034e-05,0.10740951376691828,,,-0.02163024385000001,-0.0257735590000001,0.6064917878013164,0.001498594,-0.0070801547999999395,,,,,,,,,,,,,,,,,,,,,,,,,,-0.008850879336048667,0.0014974722285917448,,
2024-07-28 03:00:00,-0.0004937023999999704,-0.588053497661815,,-0.001011070043085242,1.2784864365338224,2.035308905958179,,-0.36167411753990186,-0.0033570495999999707,-3.597046511917357,0.10340608851882084,0.00028893229999998004,0.30369370332351386,0.49017600653224236,0.00299180779999996,3.2589273496995443,0.24386553781748455,0.0019089376999999897,2.1092219194638915,,-0.0004354282999999997,-0.7207908923534276,,,-0.01642739984999981,-0.0165661919999999,0.9170766914801473,0.0028599129999999,-0.00672313499999992,,,,,,,,,,,,,,,,,,,,,,,,,,-0.006016279080923281,0.0028558312293036816,,
2024-07-29 03:00:00,0.0011848477999999998,1.3810738735616908,,0.0015287197726502175,0.8739257322509313,0.8879456438119929,,-0.3902221597352188,-0.0004937023999999704,-0.588053497661815,-0.023842657325363253,-0.0027088620999999704,-2.8527245731303688,-0.09541936252170828,0.00019665849999998992,0.20629562314333574,-0.03445207812477007,0.0035513050000000003,3.8636906688924353,,0.0031297446000000005,3.6817534576458435,,,-0.01642739984999981,-0.0165661919999999,1.2172423291097323,0.0117886459999998,-0.00111385280000002,,,,,,,,,,,,,,,,,,,,,,,,,,0.0057014431347544026,0.01171970122744252,,
2024-07-30 03:00:00,-0.0032167251999999807,-5.491104572321204,,-0.004031784304513827,0.161397477208608,-1.2862217753458165,,-0.1668537806337752,0.0011848477999999998,1.3810738735616908,-0.32426596385408957,-0.0033570495999999707,-3.597046511917357,0.1934183419807652,0.00028893229999998004,0.30369370332351386,0.35082537553040183,0.00299180779999996,3.2589273496995443,,0.0019089376999999897,2.1092219194638915,,,-0.01642739984999981,-0.0165661919999999,0.4886325148471237,-0.0083640009999998,-0.00164516919999996,,,,,,,,,,,,,,,,,,,,,,,,,,-0.0027102447413258623,-0.00839917552686702,,
2024-07-31 03:00:00,-0.0032102555999999906,-5.484254698489489,,-0.003576734498831829,0.16301700417246862,-1.2859896228216745,,0.1787776901996698,-0.0032167251999999807,-5.491104572321204,-0.6942400041020816,-0.0004937023999999704,-0.588053497661815,0.1879992720597193,-0.0027088620999999704,-2.8527245731303688,0.9443941853255612,0.00019665849999998992,0.20629562314333574,,0.0035513050000000003,3.8636906688924353,5.6516468874175985,0.05925983959097757,-0.016391817049999865,-0.016501496,0.48913558185245004,-0.016501496,-0.0017436688000000192,-0.0005790433999999933,-0.946122145671136,,,0.5920707717014907,2.3764847366784347,,-0.21476952566010069,,,0.22071606064324334,,,-0.11350712543196842,,,0.1767994799219172,,,0.059728769121590086,,,-0.016537078799999945,-0.021169875499999997,0.8599913722946736,-0.019167017648567763,-0.016639162252299073,,
2024-08-01 03:00:00,-0.004146982299999991,-7.961746699776758,,-0.004113544856416429,-0.01776780191055249,-1.2605521148586771,,-0.07638708986981343,-0.0032102555999999906,-5.484254698489489,-0.47339928250759344,0.0011848477999999998,1.3810738735616908,0.22151692090150996,-0.0033570495999999707,-3.597046511917357,0.5027350514437161,0.00028893229999998004,0.30369370332351386,,0.00299180779999996,3.2589273496995443,5.105882003258221,0.07785236504675834,-0.016391817049999865,-0.016501496,0.3400694641675794,0.0041478889999999,-0.0012138098000000395,-0.00044078043333333,-0.7182697569047473,,,0.5518105609217165,2.2854080922819193,,-0.22607088472053682,-0.0005790433999999933,-0.946122145671136,0.23044395309293017,,,-0.11087100851156773,,,0.16708525727090268,,,0.05775264374837123,,,-0.016537078799999945,-0.021169875499999997,0.8934223864708655,-0.015098631310235144,0.004139310222783784,,12.0
2024-08-02 03:00:00,-0.003413481399999971,-6.137148657355237,,-0.003100883618294172,-0.06120596814156864,-1.5883007433661207,,0.14113659533372724,-0.004146982299999991,-7.961746699776758,-0.48276473389168073,-0.0032167251999999807,-5.491104572321204,0.33543401413063767,-0.0004937023999999704,-0.588053497661815,0.37429116867757284,-0.0027088620999999704,-2.8527245731303688,,0.00019665849999998992,0.20629562314333574,3.899068959877017,0.14234031843949038,-0.016391817049999865,-0.016501496,0.45679521937596784,0.008409823,-0.00010382780000001909,-0.00016045299999999663,-0.25901427736667015,,,0.47574153356539456,2.0349420978833432,,-0.21324796621973932,-0.00044078043333333,-0.7182697569047473,0.20691308223919147,,,-0.1024981533491596,,,0.1218822095769417,,,0.012534495562185945,,,-0.016537078799999945,-0.021169875499999997,0.9612035908213847,-0.006815785127096463,0.008374657458320065,,13.0
2024-08-03 03:00:00,0.005610421099999999,4.142056314215531,,0.004953794457939239,2.3617354281510106,6.545958680647989,,0.3867255797741922,-0.003413481399999971,-6.137148657355237,-0.6389763474210474,-0.0032102555999999906,-5.484254698489489,0.8607260100300794,0.0011848477999999998,1.3810738735616908,0.7777031557145347,-0.0033570495999999707,-3.597046511917357,,0.00028893229999998004,0.30369370332351386,81.82038611990504,1.709735386733855e-18,-0.016279871899999868,-0.016501496,2.2044204705619963,0.07398126,0.012334695000000019,0.0023055890000000033,2.4496638222805873,,,2.281895545275298,8.35539263535442,,-0.03601881425439719,-0.00016045299999999663,-0.25901427736667015,-0.0613614987147955,-0.0005790433999999933,-0.946122145671136,0.0800350521451137,,,0.10442762811828102,,,-0.07335247099916077,,,-0.016537078799999945,-0.021169875499999997,1.557475224858022,0.06666123450131178,0.0713725471448694,,13.0
2024-08-04 03:00:00,0.0040563015,2.86256546867035,,0.0034554187091066653,2.152793974879782,5.691227815045464,,-0.21919482832378426,0.005610421099999999,4.142056314215531,-0.6872386780553443,-0.004146982299999991,-7.961746699776758,0.8694899740059414,-0.0032167251999999807,-5.491104572321204,0.14909780790321353,-0.0004937023999999704,-0.588053497661815,,-0.0027088620999999704,-2.8527245731303688,68.86776557581184,1.1105924448131324e-15,-0.019112411450000054,-0.0212486150000001,1.652945656370161,-0.0212486150000001,0.009757772199999959,0.0015973018333333333,1.6507248303174986,,0.043996160593968714,2.1467008676565316,7.607037959003967,,-0.1992539193386845,0.0023055890000000033,2.4496638222805873,-0.07686658408471361,-0.00044078043333333,-0.7182697569047473,0.11007523069889819,,,0.08883029128553285,,,-0.0035141790800801505,,,-0.01914152465000001,-0.023511087000000097,1.3297446666706696,0.043996160593968714,-0.021477616607882832,,13.0
2024-08-05 03:00:00,0.003314818199999959,2.280081675461228,,0.0027443379385267367,2.011410736280744,5.192364075758111,,-0.09295490845281024,0.0040563015,2.86256546867035,-0.8019465725158578,-0.003413481399999971,-6.137148657355237,0.8950402835995913,-0.0032102555999999906,-5.484254698489489,-0.617240323961481,0.0011848477999999998,1.3810738735616908,,-0.0033570495999999707,-3.597046511917357,57.29075312522716,3.626360928160269e-13,-0.0224449838000001,-0.0234238310000001,1.4766920104658603,-0.0234238310000001,0.00837330519999994,0.0008165074666666633,0.819175161218072,,0.009770885481783287,2.012156762552275,6.876494431171054,,-0.13210589468339423,0.0015973018333333333,1.6507248303174986,-0.10696011523996231,-0.00016045299999999663,-0.25901427736667015,0.16619121412125976,-0.0005790433999999933,-0.946122145671136,0.03668850536102204,,,-0.010684203276779686,,,-0.0224449838000001,-0.0245986950000001,1.1451607282909633,0.019541770963566574,-0.023702529659274035,,13.0
2024-08-06 03:00:00,-0.00427794490000002,-2.2012135820561998,,-0.004355904667931323,0.34574899963956096,2.788414977007357,,0.1610928413058974,0.003314818199999959,2.280081675461228,-0.8261940732207764,0.005610421099999999,4.142056314215531,0.45587869736883646,-0.004146982299999991,-7.961746699776758,0.880402774009702,-0.0032167251999999807,-5.491104572321204,,-0.0004937023999999704,-0.588053497661815,25.326263464788326,3.1657146426370086e-06,-0.05147669429999993,-0.0744290369999998,0.7028523549616342,-0.0744290369999998,-0.007342079999999999,-0.00166446043333333,-1.3541209824381553,,-0.018780580410175347,0.19839805636995217,5.564029215576039,,0.03683294950324897,0.0008165074666666633,0.819175161218072,-0.4972620699263906,0.0023055890000000033,2.4496638222805873,0.09021925532105722,-0.00044078043333333,-0.7182697569047473,0.11202108772519774,,,-0.04056368924696818,,,-0.0247161814000001,-0.05010129799999995,0.7946585701751968,-0.05634174123052604,-0.07734447459734313,,13.0
2024-08-07 03:00:00,-0.0027797875000000007,-1.4069527415015932,,-0.003062899585368317,0.20715196163418612,2.288797073899199,,-0.018567272214310676,-0.00427794490000002,-2.2012135820561998,-0.8397949601198368,0.0040563015,2.86256546867035,0.48417602520840847,-0.003413481399999971,-6.137148657355237,-0.220441670135834,-0.0032102555999999906,-5.484254698489489,,0.0011848477999999998,1.3810738735616908,21.636051181653706,2.0035084608971647e-05,-0.05147669429999993,-0.0744290369999998,0.8069149253482185,0.0178414870000001,-0.0054557471999999805,-0.0010697441999999932,-0.860470196109332,,-0.009876368668561925,0.13170899630172883,5.168555769561349,,-0.05859998221276421,-0.00166446043333333,-1.3541209824381553,-0.5140016807863135,0.0015973018333333333,1.6507248303174986,0.10899531784835285,-0.00016045299999999663,-0.25901427736667015,0.06696077494448258,-0.0005790433999999933,-0.946122145671136,-0.00693158736676128,,,-0.0247161814000001,-0.05010129799999995,0.8680276205908692,-0.0395054746742477,0.0176841957881268,,13.0
2024-08-08 03:00:00,-0.0028698424999999907,-1.4539798082272093,,-0.0031410877404828186,0.21533193491696428,2.317316308211207,,0.013621218575392235,-0.0027797875000000007,-1.4069527415015932,-0.8307154467296345,0.003314818199999959,2.280081675461228,0.4436814698714708,0.005610421099999999,4.142056314215531,0.05396179334262206,-0.004146982299999991,-7.961746699776758,,-0.0032167251999999807,-5.491104572321204,20.329953758235135,3.84952046444561e-05,-0.05147669429999993,-0.0744290369999998,0.8006596715436698,0.0108880959999999,-0.018074379999999998,-0.0007068076666666632,-0.5661539248109507,,-0.0058095036150052955,0.08579910807808466,5.0219347834743715,,-0.04393147949943236,-0.0010697441999999932,-0.860470196109332,-0.5189931432497344,0.0008165074666666633,0.819175161218072,0.14498971750092352,0.0023055890000000033,2.4496638222805873,0.07321136154535748,-0.00044078043333333,-0.7182697569047473,-0.021940607491268645,,,-0.0247161814000001,-0.05010129799999995,0.9128024347279795,-0.02904751807502648,0.01082924746307692,,13.0
2024-08-09 03:00:00,0.00391414149999999,1.762878388839837,,0.0028633002588256203,-0.012869048585662395,0.5463226306765188,,0.06332793864087867,-0.0028698424999999907,-1.4539798082272093,-0.8559362078790524,-0.00427794490000002,-2.2012135820561998,-0.017841277371647573,0.0040563015,2.86256546867035,0.5239840515564681,-0.003413481399999971,-6.137148657355237,,-0.0032102555999999906,-5.484254698489489,9.119262024615217,0.010465920026716298,-0.05147669429999993,-0.0744290369999998,1.2886471607023853,0.059475839,-0.0019294891999999785,0.0012757203000000037,0.928051485621917,,0.004783449236098969,0.26577022316051335,3.385519322095117,,-0.0010734549813402813,-0.0007068076666666632,-0.5661539248109507,-0.6275712040477363,-0.00166446043333333,-1.3541209824381553,0.02642278462410494,0.0015973018333333333,1.6507248303174986,0.12461315754192484,-0.00016045299999999663,-0.25901427736667015,-0.12882233012277425,-0.0005790433999999933,-0.946122145671136,-0.0247161814000001,-0.05010129799999995,1.1573832720822534,0.028700695416593813,0.05777429431329583,,13.0
2024-08-10 03:00:00,0.0071666986999999694,3.265918248571637,,0.005964474940982764,-0.285527718157889,0.8387727945051294,,0.08723738422287214,0.00391414149999999,1.762878388839837,-0.918794693647481,-0.0027797875000000007,-1.4069527415015932,-0.16088135291015776,0.003314818199999959,2.280081675461228,-0.3642087603825059,0.005610421099999999,4.142056314215531,,-0.004146982299999991,-7.961746699776758,8.209917753329492,0.01649069697687864,-0.05147669429999993,-0.0744290369999998,1.6017304321880417,0.0160240759999998,0.005960092200000002,0.0019551269333333236,1.416227407995936,,0.0071085221770244645,0.18638190877044059,3.248528348219922,,0.03984470904113674,0.0012757203000000037,0.928051485621917,-0.6018065570625578,-0.0010697441999999932,-0.860470196109332,0.005436842810416106,0.0008165074666666633,0.819175161218072,0.15126446615291822,0.0023055890000000033,2.4496638222805873,-0.10873074348361847,-0.00044078043333333,-0.7182697569047473,-0.0247161814000001,-0.05010129799999995,1.2456020495851687,0.045184673541202036,0.015897045725917814,,13.0
2024-08-11 03:00:00,0.00719542639999997,3.2791817613808676,,0.005992189531315104,-0.288129005345605,0.8410934989892779,,0.0855453309628385,0.0071666986999999694,3.265918248571637,-0.9166994899298944,-0.0028698424999999907,-1.4539798082272093,-0.04568933911660946,-0.00427794490000002,-2.2012135820561998,-0.013338474849752112,0.0040563015,2.86256546867035,,-0.003413481399999971,-6.137148657355237,8.192540104321138,0.016634606043801008,-0.05147669429999993,-0.0744290369999998,1.6041424676432072,0.0044351659999999,0.021732932799999945,0.0021999163666666603,1.5943074562439328,,0.007186405604151069,0.15706489377362254,3.253769044862647,,0.04241312975219582,0.0019551269333333236,1.416227407995936,-0.5996688499960988,-0.0007068076666666632,-0.5661539248109507,-0.007427326303958455,-0.00166446043333333,-1.3541209824381553,0.14071750370981864,0.0015973018333333333,1.6507248303174986,-0.11189249590344015,-0.00016045299999999663,-0.25901427736667015,-0.0247161814000001,-0.05010129799999995,1.2797595315726018,0.04982024106901295,0.004425359635820206,,13.0
2024-08-12 03:00:00,0.00741965549999996,3.3803046716578184,,0.006207658345743731,-0.3078341477513854,0.8445874251037091,,0.095407752655669,0.00719542639999997,3.2791817613808676,-0.803191167098819,0.00391414149999999,1.762878388839837,-0.08538673504973228,-0.0027797875000000007,-1.4069527415015932,0.8335871971618878,0.003314818199999959,2.280081675461228,,0.005610421099999999,4.142056314215531,7.978905429444386,0.01850984151203422,-0.05147669429999993,-0.0744290369999998,1.6229691937396171,0.0106521139999999,0.020295058199999903,0.002332660633333317,1.6883769019988695,,0.006852735512524966,0.1413400562764323,3.2175420509510038,,0.04125451796289278,0.0021999163666666603,1.5943074562439328,-0.524266148438887,0.0012757203000000037,0.928051485621917,0.014832032157122916,-0.0010697441999999932,-0.860470196109332,0.11287267832744105,0.0008165074666666633,0.819175161218072,-0.029445921161872626,0.0023055890000000033,2.4496638222805873,-0.0247161814000001,-0.05010129799999995,1.296640388718163,0.0610030459563875,0.010595779931830675,,13.0
2024-08-13 03:00:00,0.00580679349999997,2.821511999322779,,0.004749197939864311,-0.6002455191535165,0.991705072333005,,0.2878851049045188,0.00741965549999996,3.3803046716578184,-0.4738877878165107,0.0071666986999999694,3.265918248571637,0.39182395805709375,-0.0028698424999999907,-1.4539798082272093,-0.9975182242524084,-0.00427794490000002,-2.2012135820561998,,0.0040563015,2.86256546867035,3.7217825538602427,0.15553394475672266,-0.05147669429999993,-0.0744290369999998,1.4875500572167075,0.0578526400000001,0.029687966999999944,0.0038712910333333203,2.618943616039296,,0.012234880982820821,0.21948425111548236,2.2213359047837953,,0.06490512021314784,0.002332660633333317,1.6883769019988695,-0.4525557808078168,0.0019551269333333236,1.416227407995936,0.05475381506885827,-0.0007068076666666632,-0.5661539248109507,-0.12426152713672838,-0.00166446043333333,-1.3541209824381553,-0.1172387276709056,0.0015973018333333333,1.6507248303174986,-0.0247161814000001,-0.05010129799999995,1.4923053363233305,0.12238487321300595,0.056241042072000036,,13.0
2024-08-14 03:00:00,0.00797190059999995,3.9823016342627118,,0.006865265855933934,-0.8160091418819287,1.8141729630108006,,0.16376780357838658,0.00580679349999997,2.821511999322779,-0.4874443648224889,0.00719542639999997,3.2791817613808676,0.06705787303608265,0.00391414149999999,1.762878388839837,-0.9568922070509719,-0.0027797875000000007,-1.4069527415015932,,0.003314818199999959,2.280081675461228,3.8183582839520995,0.14820198947150917,-0.05147669429999993,-0.0744290369999998,1.8146823639193832,0.0004024559999997,0.01787329039999988,0.004105711466666643,2.7835477521374625,,0.013108115290878741,0.19601755271800075,2.2608580605666724,,0.05645390411958106,0.0038712910333333203,2.618943616039296,-0.4748507650578175,0.0021999163666666603,1.5943074562439328,0.0488305360799508,0.0012757203000000037,0.928051485621917,-0.12539117579932357,-0.0010697441999999932,-0.860470196109332,-0.1191108774214316,0.0008165074666666633,0.819175161218072,-0.0247161814000001,-0.05010129799999995,1.5372145079023265,0.12283658373953954,0.00040237503630596004,,13.0
2024-08-15 03:00:00,0.00779852179999999,3.8792867879383905,,0.006691679799005615,-0.8020911449827165,1.7115545532506533,,-0.06379384616382185,0.00797190059999995,3.9823016342627118,-0.48415601376524703,0.00741965549999996,3.3803046716578184,-0.02983725414586847,0.0071666986999999694,3.265918248571637,-0.9312217407022417,-0.0028698424999999907,-1.4539798082272093,,-0.00427794490000002,-2.2012135820561998,3.2300004664815396,0.19889062405141203,-0.05225689889999975,-0.0744290369999998,1.783089029735986,-0.0251576189999997,0.009636951399999979,0.002801492633333327,1.8707856068911963,,0.008314801200501135,0.29289617689646197,2.0236798786218615,,0.05794848825230166,0.004105711466666643,2.7835477521374625,-0.4742216653937697,0.002332660633333317,1.6883769019988695,0.04014495172177824,0.0019551269333333236,1.416227407995936,-0.14065448024747657,-0.0007068076666666632,-0.5661539248109507,0.03723497645423671,-0.00166446043333333,-1.3541209824381553,-0.02549638599999992,-0.05010129799999995,1.3303187482197576,0.09458868876655901,-0.025479481565579224,,13.0
2024-08-16 03:00:00,0.010950864899999958,6.6212059833823576,,0.01001580218827234,0.05789422385337025,0.15201722996134034,,0.2884484229980978,0.00779852179999999,3.8792867879383905,-0.3127552741911499,0.00580679349999997,2.821511999322779,0.0693297695806419,0.00719542639999997,3.2791817613808676,-0.7247852601694162,0.00391414149999999,1.762878388839837,,-0.0027797875000000007,-1.4069527415015932,1.9102458580139774,0.38476484288560453,-0.03491901184999992,-0.0429056060000001,2.608925359312718,-0.0429056060000001,0.00016879699999998167,0.001105290133333323,0.7091648141548705,,0.0022857995305966363,0.3092743977976326,1.5237776261975973,,0.11377435548597277,0.002801492633333327,1.8707856068911963,-0.5474838264652429,0.0038712910333333203,2.618943616039296,0.028567304024414642,0.0021999163666666603,1.5943074562439328,-0.24387122939874592,0.0012757203000000037,0.928051485621917,-0.004854967185182398,-0.0010697441999999932,-0.860470196109332,-0.035196184850000097,-0.05866732149999995,1.1115174313597946,0.04762469775428424,-0.043853257074621864,,13.0
2024-08-17 03:00:00,0.00968533049999994,5.865914290828216,,0.008760951352829444,0.2064280906534998,0.21525196460422538,,0.2604862685358401,0.010950864899999958,6.6212059833823576,-0.2910554163130725,0.00797190059999995,3.9823016342627118,0.061481890666406885,0.00741965549999996,3.3803046716578184,-0.7178906004079899,0.0071666986999999694,3.265918248571637,,-0.0028698424999999907,-1.4539798082272093,2.265317134985391,0.3221755912931485,-0.03491901184999992,-0.0429056060000001,2.422990238233652,0.0051861429999999,-0.000924397200000019,0.0021372801999999897,1.3914064853186856,,0.005889412010652369,0.23848517040559544,1.7377321630724414,,0.09745273822244004,0.001105290133333323,0.7091648141548705,-0.5864767685623636,0.004105711466666643,2.7835477521374625,0.03030890128025696,0.002332660633333317,1.6883769019988695,-0.255856270276144,0.0019551269333333236,1.416227407995936,-0.006004806215288167,-0.0007068076666666632,-0.5661539248109507,-0.03491901184999992,-0.05866732149999995,1.2361049139650693,0.05305782924716973,0.005172741275926736,,13.0
2024-08-18 03:00:00,0.008510279599999988,5.126839653131768,,0.007602392128259265,0.33705222090425135,0.18413906199400337,,0.310685964272414,0.00968533049999994,5.865914290828216,-0.21499986150435574,0.00779852179999999,3.8792867879383905,0.5962856559277555,0.00580679349999997,2.821511999322779,-0.9502508649526422,0.00719542639999997,3.2791817613808676,,0.00391414149999999,1.762878388839837,2.268616878971403,0.32164448106066956,-0.03491901184999992,-0.0429056060000001,2.2347045054052335,-0.0008624129999996,-0.01266740779999996,0.0022750949666666665,1.4823871512502704,,0.006375573282336931,0.2244796102903238,1.7498828106330977,,0.10956362468033656,0.0021372801999999897,1.3914064853186856,-0.5700462378715846,0.002801492633333327,1.8707856068911963,0.01505726460184419,0.0038712910333333203,2.618943616039296,-0.2653418843538112,0.0021999163666666603,1.5943074562439328,-0.017581957857237207,0.0012757203000000037,0.928051485621917,-0.03491901184999992,-0.05866732149999995,1.2552147674976426,0.0521496584854757,-0.0008627850920375687,,13.0
2024-08-19 03:00:00,0.002527723099999988,1.8437010755548475,,0.0020397309379294386,0.44275071122615706,2.270485869261784,,0.25940474787340395,0.008510279599999988,5.126839653131768,-0.29448176304103507,0.010950864899999958,6.6212059833823576,0.293917520489002,0.00797190059999995,3.9823016342627118,0.8827253183461211,0.00741965549999996,3.3803046716578184,,0.0071666986999999694,3.265918248571637,3.966511141206157,0.13762047404731864,-0.03491901184999992,-0.0429056060000001,1.3648805203464836,-0.000349726,-0.012817844199999897,0.0010750464666666668,0.7172100269993004,,0.002291486457730363,0.3172172048801577,2.2237169072957492,,0.13891008652181186,0.0022750949666666665,1.4823871512502704,-0.554863059567419,0.001105290133333323,0.7091648141548705,0.02701925739917018,0.004105711466666643,2.7835477521374625,-0.27170563648965296,0.002332660633333317,1.6883769019988695,-0.0354977853347182,0.0019551269333333236,1.416227407995936,-0.03491901184999992,-0.05866732149999995,1.120438668069522,0.051781694394012145,-0.000349787168399457,,13.0
2024-08-20 03:00:00,0.002821137999999998,2.043378873723575,,0.0023081553769913107,0.40680819629935044,2.0761905885639425,,0.2450673242804487,0.002527723099999988,1.8437010755548475,-0.649168047259194,0.00968533049999994,5.865914290828216,-0.16770961824160843,0.00779852179999999,3.8792867879383905,0.9964805291152672,0.00580679349999997,2.821511999322779,,0.00719542639999997,3.2791817613808676,3.575245309234509,0.16735756383993705,-0.03491901184999992,-0.0429056060000001,1.407235389759579,0.0189582249999999,-0.003994675399999977,0.0022591936999999934,1.5082676468736318,,0.006387909757547068,0.20247616567760537,2.1886262151912828,,0.14706803099255203,0.0010750464666666668,0.7172100269993004,-0.5703008184067074,0.0021372801999999897,1.3914064853186856,-0.011472332320982263,0.002801492633333327,1.8707856068911963,-0.21395817476445173,0.0038712910333333203,2.618943616039296,-0.04417397692502226,0.0021999163666666603,1.5943074562439328,-0.03491901184999992,-0.05866732149999995,1.2697904152731623,0.07172160840721498,0.0187807573256428,,13.0
2024-08-21 03:00:00,0.002563883699999968,1.8573952728480976,,0.00206940888291187,0.4435807407618088,2.1070795449844204,,0.23643361972503604,0.002821137999999998,2.043378873723575,-0.6565812461896646,0.008510279599999988,5.126839653131768,-0.44101181888223623,0.010950864899999958,6.6212059833823576,0.9629891176860769,0.00797190059999995,3.9823016342627118,,0.00741965549999996,3.3803046716578184,3.925139689344907,0.14049690138196091,-0.03491901184999992,-0.0429056060000001,1.3701003557771259,0.0018626229999996,0.004958970399999962,0.001870775933333317,1.252415517551604,,0.005037006211572079,0.245648199155189,2.263089268771146,,0.1469656243083199,0.0022591936999999934,1.5082676468736318,-0.5684220192250946,0.0022750949666666665,1.4823871512502704,-0.006430113999212904,0.001105290133333323,0.7091648141548705,-0.21765580127381415,0.004105711466666643,2.7835477521374625,-0.03357518069338844,0.002332660633333317,1.6883769019988695,-0.03491901184999992,-0.05866732149999995,1.223405994706173,0.07371782172463082,0.0018608904688142437,,13.0
2024-08-22 03:00:00,0.004435393199999988,3.0654396747825996,,0.003791169944369283,0.25397288822637526,1.0297886444362132,,0.2029194846541613,0.002563883699999968,1.8573952728480976,-0.5537210160949395,0.002527723099999988,1.8437010755548475,-0.1959850411516687,0.00968533049999994,5.865914290828216,-0.16512330302558992,0.00779852179999999,3.8792867879383905,,0.00580679349999997,2.821511999322779,2.687724944146736,0.2608362476828517,-0.03491901184999992,-0.0429056060000001,1.6402554858603808,0.0293672090000001,0.009795183600000002,0.00281385576666666,1.8553659409349845,,0.008319586462162354,0.1616193090026098,1.935267504492928,,0.14521166530210036,0.001870775933333317,1.252415517551604,-0.567087713060486,0.0010750464666666668,0.7172100269993004,-0.0022100538129992517,0.0021372801999999897,1.3914064853186856,-0.24545460743847608,0.002801492633333327,1.8707856068911963,0.02978020377179226,0.0038712910333333203,2.618943616039296,-0.03491901184999992,-0.05866732149999995,1.3360275464775655,0.10524991740224299,0.028944253250815646,,13.0
2024-08-23 03:00:00,-0.00011718150000002199,-0.10783881462640636,,-0.00028435055199081054,-0.9218163311576852,1.1340048401863874,,0.339061572461419,0.004435393199999988,3.0654396747825996,0.5553277018898575,0.002821137999999998,2.043378873723575,0.3671828918136882,0.008510279599999988,5.126839653131768,-0.47080079428362337,0.010950864899999958,6.6212059833823576,,0.00797190059999995,3.9823016342627118,2.9223038137447697,0.23196891418566776,-0.03491901184999992,-0.0429056060000001,0.9830846778616902,0.012326893,0.012433044799999921,0.0037666776999999837,2.4990948871628973,,0.011789891510957377,0.07032505334737345,2.0414295731157703,,0.1462018966948288,0.00281385576666666,1.8553659409349845,-0.5639903181920003,0.0022591936999999934,1.5082676468736318,0.0023919303303052615,0.0022750949666666665,1.4823871512502704,-0.2699804506005484,0.001105290133333323,0.7091648141548705,0.03099772414051379,0.004105711466666643,2.7835477521374625,-0.03491901184999992,-0.05866732149999995,1.4809368689678541,0.1188742148723192,0.012251535504998537,,13.0
2024-08-24 03:00:00,0.005198031699999999,3.701935381187256,,0.0045306098002519946,-0.06871469320870371,0.7405467846879645,,0.42875228684796385,-0.00011718150000002199,-0.10783881462640636,0.47104462857383395,0.002563883699999968,1.8573952728480976,0.6528521630627899,0.002527723099999988,1.8437010755548475,0.9987340776399014,0.00968533049999994,5.865914290828216,,0.00779852179999999,3.8792867879383905,1.27755062807684,0.5279385872651725,-0.03491901184999992,-0.0429056060000001,1.750343467339502,0.0535545879999999,0.023213907599999903,0.005742077933333317,3.641566377769948,,0.01911505939099007,0.018267109893805207,1.4316378981532438,,0.1492957475575892,0.0037666776999999837,2.4990948871628973,-0.5421655067939907,0.001870775933333317,1.252415517551604,-0.007252398850701888,0.0010750464666666668,0.7172100269993004,-0.2538950937714103,0.0021372801999999897,1.3914064853186856,-0.002433551791647542,0.002801492633333327,1.8707856068911963,-0.03491901184999992,-0.05866732149999995,1.7514125602146275,0.17879506247362964,0.05216976877163386,,13.0
2024-08-25 03:00:00,0.007275397099999999,5.570297407995067,,0.0065644066058090774,-0.1561924053068466,1.972829083544392,,-0.08876677543642236,0.005198031699999999,3.701935381187256,0.045896394827552076,0.004435393199999988,3.0654396747825996,0.15244947209218082,0.002821137999999998,2.043378873723575,0.34789469706841164,0.008510279599999988,5.126839653131768,,0.010950864899999958,6.6212059833823576,1.5604317457184915,0.45830706456920933,-0.02557086754999992,-0.0429056060000001,2.5000289835141483,-0.0043839649999997,0.018545469599999982,0.006129579033333317,3.915315734112305,,0.02065357298153467,-0.01020546642075125,1.558592674153664,,0.11939289612270004,0.005742077933333317,3.641566377769948,-0.5452116772051283,0.00281385576666666,1.8553659409349845,-0.03423201693099871,0.0022591936999999934,1.5082676468736318,-0.25283391000929273,0.0022750949666666665,1.4823871512502704,-0.0054664140790544455,0.001105290133333323,0.7091648141548705,-0.03491901184999992,-0.05866732149999995,1.8449684767456294,0.17362726617757285,-0.004393602752588326,,13.0
2024-08-26 03:00:00,0.0114355899,11.993842493133423,,0.010801277546590155,1.6146538328696687,2.3902420620643667,,-0.1846557422478141,0.007275397099999999,5.570297407995067,-0.5533173291838943,-0.00011718150000002199,-0.10783881462640636,-0.5184477732689047,0.002563883699999968,1.8573952728480976,0.9995725145408609,0.002527723099999988,1.8437010755548475,,0.00968533049999994,5.865914290828216,1.5305589663383863,0.46520389614467117,-0.00299783584999988,-0.0043839649999997,17.573842078289683,-0.0013036780000001,0.017912209400000042,0.006036169966666647,3.853159611021236,,0.020284885010294598,-0.0005829299786913133,1.5460127315320558,,0.12156698099667781,0.006129579033333317,3.915315734112305,-0.550627914688349,0.0037666776999999837,2.4990948871628973,-0.033832257993600484,0.001870775933333317,1.252415517551604,-0.2730278335488299,0.0010750464666666668,0.7172100269993004,-0.00896000174741474,0.0021372801999999897,1.3914064853186856,-0.03491901184999992,-0.05866732149999995,1.8271370281371575,0.17209723413045697,-0.0013045285274535777,,13.0
2024-08-27 03:00:00,0.00974715580000002,9.50581034013811,,0.0090928252801114,1.398002898114151,1.783315987197021,,-0.09608866115029244,0.0114355899,11.993842493133423,-0.645979532263258,0.005198031699999999,3.701935381187256,-0.6566254002892122,0.004435393199999988,3.0654396747825996,-0.9506980936407399,0.002821137999999998,2.043378873723575,,0.008510279599999988,5.126839653131768,1.3079097468603225,0.5199852290775742,-0.00840679314999981,-0.0116981979999999,6.240975491741916,-0.0116981979999999,0.009699128000000041,0.005550899599999987,3.5232813766852864,,0.018377462576019823,0.04373942012489554,1.442530671944454,,0.12664343683197896,0.006036169966666647,3.853159611021236,-0.5645868284940952,0.005742077933333317,3.641566377769948,-0.05239786386386904,0.00281385576666666,1.8553659409349845,-0.2869158056732768,0.0022591936999999934,1.5082676468736318,-0.008316093296804664,0.0022750949666666665,1.4823871512502704,-0.03491901184999992,-0.05866732149999995,1.7220582680637864,0.15838580861034668,-0.011767160268664997,,13.0
2024-08-28 03:00:00,0.003968334099999999,2.594388507364736,,0.0033089047186707758,-0.600757683026669,2.2326183579404693,,0.22577208417607111,0.00974715580000002,9.50581034013811,-0.1153802686286151,0.007275397099999999,5.570297407995067,-0.4543912021965505,-0.00011718150000002199,-0.10783881462640636,0.24526283541626784,0.002563883699999968,1.8573952728480976,,0.002527723099999988,1.8437010755548475,0.40005939272750507,0.8187064401127282,-0.037522035599999844,-0.0586506299999998,1.5195093145957947,-0.0586506299999998,-0.0044963765999999185,0.0032029237333333336,1.896491182896769,,0.009362653587153158,-0.021482935464769155,0.9011447439924924,,0.15968411080817063,0.005550899599999987,3.5232813766852864,-0.4975403269364115,0.006129579033333317,3.915315734112305,-0.09380523239623802,0.0037666776999999837,2.4990948871628973,-0.2524758707429112,0.001870775933333317,1.252415517551604,-0.00013037140008580707,0.0010750464666666668,0.7172100269993004,-0.05156536919999993,-0.0665398334999998,1.332162975248582,0.0904457511522907,-0.06044093306324671,,13.0
2024-08-29 03:00:00,0.006414206599999958,4.106928557544006,,0.0056141629725294595,-0.8293630496887008,2.100140904666902,,-0.003937513899781646,0.003968334099999999,2.594388507364736,-0.10155631615804471,0.0114355899,11.993842493133423,0.5659052922362584,0.005198031699999999,3.701935381187256,0.9980877398520334,0.004435393199999988,3.0654396747825996,,0.002821137999999998,2.043378873723575,0.3939145424319856,0.8212257225395122,-0.037522035599999844,-0.0586506299999998,1.8435697366286643,0.0241089989999996,-0.010385494399999978,0.004285357066666647,2.5262209746856508,,0.013307795317578173,-0.1169994374018267,0.8432232889997119,,0.09877553296022921,0.0032029237333333336,1.896491182896769,-0.49937234386877194,0.006036169966666647,3.853159611021236,-0.062052158113208015,0.005742077933333317,3.641566377769948,-0.31713267999920874,0.00281385576666666,1.8553659409349845,0.01607787497950776,0.0022591936999999934,1.5082676468736318,-0.05156536919999993,-0.0665398334999998,1.4576501681190612,0.11673530667637522,0.023822965288456843,0.005946997547772088,13.0
2024-08-30 03:00:00,0.004520987200000011,2.9226506595423447,,0.0038207656347749486,-0.6250246904413996,2.045543567706941,,-0.010432059518117733,0.006414206599999958,4.106928557544006,-0.09892188695391432,0.00974715580000002,9.50581034013811,0.38756871264996523,0.007275397099999999,5.570297407995067,0.9308818928927892,-0.00011718150000002199,-0.10783881462640636,,0.002563883699999968,1.8573952728480976,0.5997608244582403,0.7409068187788752,-0.037522035599999844,-0.0586506299999998,1.5945814060800152,2.603100000042602e-05,-0.009503495199999953,0.004836274633333328,2.8709948500949922,,0.015398634121040835,-0.16463908375907177,0.9652271100796681,,0.09502497677561603,0.004285357066666647,2.5262209746856508,-0.48181556836437295,0.005550899599999987,3.5232813766852864,-0.08834968115404433,0.006129579033333317,3.915315734112305,-0.31148449807170425,0.0037666776999999837,2.4990948871628973,0.08179322995062803,0.001870775933333317,1.252415517551604,-0.05156536919999993,-0.0665398334999998,1.5487175908632889,0.11676437641314386,2.603066119982504e-05,0.005446195541525203,13.0
2024-08-31 03:00:00,0.00431449310000002,2.7865349213077866,,0.003625517743286798,-0.5975483679579822,1.99487558204922,,0.0019600161301831947,0.004520987200000011,2.9226506595423447,-0.07369354011893431,0.003968334099999999,2.594388507364736,0.36080210861403306,0.0114355899,11.993842493133423,-0.10771796224623954,0.005198031699999999,3.701935381187256,,0.004435393199999988,3.0654396747825996,0.566013380869445,0.753514746501629,-0.037522035599999844,-0.0586506299999998,1.5659183653010087,-0.0002023180000003,-0.009283223199999994,0.004691267733333321,2.7837882503026226,,0.014850563876303038,-0.15010397620178448,0.9550497145329816,,0.09587006996208418,0.004836274633333328,2.8709948500949922,-0.4468272730204631,0.0032029237333333336,1.896491182896769,-0.11386988599897087,0.006036169966666647,3.853159611021236,-0.3124029637988143,0.005742077933333317,3.641566377769948,0.07657994935502468,0.00281385576666666,1.8553659409349845,-0.05156536919999993,-0.0665398334999998,1.531858336016146,0.1165384348780365,-0.00020233846904770312,0.004798757737484496,13.0
2024-09-01 03:00:00,0.0014759283000000212,0.9984491324511475,,0.001018648103801216,-0.4055328167318642,2.7742815554133773,,-0.04005089371783579,0.00431449310000002,2.7865349213077866,-0.05491127007373995,0.006414206599999958,4.106928557544006,0.27581476978623376,0.00974715580000002,9.50581034013811,-0.8362398255556348,0.007275397099999999,5.570297407995067,,-0.00011718150000002199,-0.10783881462640636,0.5299446304763035,0.7672271901838832,-0.037522035599999844,-0.0586506299999998,1.1935928295062637,0.0009815610000001,-0.006747271399999993,0.0044436589999999904,2.6369413135282467,,0.013922690800868597,-0.1255103233313788,0.9507239472628606,,0.09585431354850434,0.004691267733333321,2.7837882503026226,-0.4486675895320673,0.004285357066666647,2.5262209746856508,-0.10890689627932358,0.005550899599999987,3.5232813766852864,-0.3399094505131804,0.006129579033333317,3.915315734112305,0.07554618800398452,0.0037666776999999837,2.4990948871628973,-0.05156536919999993,-0.0665398334999998,1.5037864423462166,0.11763438546071403,0.0009810795840021276,0.003943727521114372,13.0
2024-09-02 03:00:00,0.001267927600000021,0.8602139553116905,,0.0008297660915152646,-0.3851037294864325,2.835461435701727,,-0.17120267555207333,0.0014759283000000212,0.9984491324511475,-0.0665222259175719,0.004520987200000011,2.9226506595423447,0.5001262946225338,0.003968334099999999,2.594388507364736,-0.5480018156044341,0.0114355899,11.993842493133423,,0.005198031699999999,3.701935381187256,1.8074082708803179,0.40506645640816896,-0.037522035599999844,-0.0586506299999998,1.1663100378387343,0.010246886,0.007032231799999966,0.002319179866666658,1.5054155349555094,,0.006502681355173056,-0.41880880450514407,1.3028234113093513,,0.17326466143199892,0.0044436589999999904,2.6369413135282467,-0.3051420867279605,0.004836274633333328,2.8709948500949922,-0.13792225444507858,0.0032029237333333336,1.896491182896769,-0.4283741650338816,0.006036169966666647,3.853159611021236,0.06986710467767468,0.005742077933333317,3.641566377769948,-0.05156536919999993,-0.0665398334999998,1.262930025320601,0.12908665759821014,0.010194742566350183,0.003502309071844354,13.0
2024-09-03 03:00:00,0.0009084884000000508,0.6327131381227856,,0.0005167823909572953,-0.5524680070229071,2.8663292748167777,,-0.023463402112755688,0.001267927600000021,0.8602139553116905,0.09011019892293631,0.00431449310000002,2.7865349213077866,0.4714438407516078,0.006414206599999958,4.106928557544006,-0.8908284992523837,0.00974715580000002,9.50581034013811,,0.007275397099999999,5.570297407995067,1.760439300921217,0.41469181442912106,-0.037522035599999844,-0.0586506299999998,1.119163538760882,0.0499601960000002,0.012202471200000087,0.004692806900000001,2.956601633973854,,0.015059643263047996,-0.4744585987966411,1.148903467641318,,0.15811260386746356,0.002319179866666658,1.5054155349555094,-0.2887620859495596,0.004691267733333321,2.7837882503026226,-0.03160889014879891,0.004285357066666647,2.5262209746856508,-0.4459771585662868,0.005550899599999987,3.5232813766852864,0.13472805387569026,0.006129579033333317,3.915315734112305,-0.05156536919999993,-0.0665398334999998,1.5784851466877756,0.18549604831280186,0.0487522548794556,0.0030202375406290336,13.0
2024-09-04 03:00:00,-0.00012296019999998923,-0.08436824813855114,,-0.0004303808296422669,-0.41282873594096153,2.3582515601402383,,-0.1348362893379584,0.0009084884000000508,0.6327131381227856,0.13975227400898257,0.0014759283000000212,0.9984491324511475,0.346625555214221,0.004520987200000011,2.9226506595423447,0.678085962943051,0.003968334099999999,2.594388507364736,,0.0114355899,11.993842493133423,2.10215749174954,0.34956045874467634,-0.038872149449999935,-0.0586506299999998,0.9857936964421135,-0.0146984510000001,0.00925757479999998,0.0049836529,3.1646878866900745,,0.014568242910934458,-0.49662173487702643,1.2889145456850426,,0.03327144392171236,0.004692806900000001,2.956601633973854,-0.2829003014052227,0.0044436589999999904,2.6369413135282467,-0.01366437040387716,0.004836274633333328,2.8709948500949922,-0.3388486189423815,0.0032029237333333336,1.896491182896769,0.1406209056322417,0.006036169966666647,3.853159611021236,-0.05156536919999993,-0.0665398334999998,1.6371826680000174,0.1680710927359823,-0.014807543544926803,0.0024533900540287404,13.0
2024-09-05 03:00:00,0.0013359252999999907,0.9064874750452211,,0.0008913230285362788,-0.5787582093015845,2.2346137542974724,,-0.16309456029379304,-0.00012296019999998923,-0.08436824813855114,0.1401010844241756,0.001267927600000021,0.8602139553116905,0.392397679421376,0.00431449310000002,2.7865349213077866,0.5001244066655997,0.006414206599999958,4.106928557544006,,0.00974715580000002,9.50581034013811,0.767249151559648,0.6813871884209116,-0.038872149449999935,-0.0586506299999998,1.1567075195009915,0.0132851769999997,0.01195507379999998,0.007907460033333317,5.788088005326085,,0.025425609637005332,-0.08044812618118276,1.1439291187658116,,0.07404319334451404,0.0049836529,3.1646878866900745,-0.10712935164556403,0.002319179866666658,1.5054155349555094,-0.021270017252465225,0.004691267733333321,2.7837882503026226,-0.13935863511904648,0.004285357066666647,2.5262209746856508,-0.0231003745789713,0.005550899599999987,3.5232813766852864,-0.03491901184999992,-0.050778117999999955,2.4806812624550587,0.18358912395156302,0.01319770292341282,0.0022986607612066803,13.0
2024-09-06 03:00:00,0.003840503900000001,2.622244647843756,,0.003217751572469275,-0.9013094933080634,2.8101521240088485,,-0.4413949422474138,0.0013359252999999907,0.9064874750452211,0.13572659265621914,0.0009084884000000508,0.6327131381227856,0.3869495129238708,0.0014759283000000212,0.9984491324511475,0.9586083865951632,0.004520987200000011,2.9226506595423447,,0.003968334099999999,2.594388507364736,0.8043060759087182,0.6688783740790915,-0.038872149449999935,-0.0586506299999998,1.5221523909801458,0.0133475880000002,0.0144282792,0.007757663399999988,5.688492827534383,,0.02487183969451321,-0.06410728542742167,1.1729938559777702,,0.07408264112850108,0.007907460033333317,5.788088005326085,-0.08983951087057958,0.004692806900000001,2.956601633973854,-0.027621251232266747,0.0044436589999999904,2.6369413135282467,-0.14232278596413167,0.004836274633333328,2.8709948500949922,-0.02723213722951144,0.0032029237333333336,1.896491182896769,-0.03491901184999992,-0.050778117999999955,2.4526316653260154,0.19938718393934973,0.013259293756343238,0.002154393546125495,13.0
2024-09-07 03:00:00,0.011670607099999971,12.690804782716796,,0.011047181473938855,0.9159689471416896,1.8734907928951838,,-0.36372263561851476,0.003840503900000001,2.622244647843756,-0.16768067618664503,-0.00012296019999998923,-0.08436824813855114,0.8716601506352484,0.001267927600000021,0.8602139553116905,-0.5143969663875263,0.00431449310000002,2.7865349213077866,,0.006414206599999958,4.106928557544006,0.7418202184060467,0.6901059729466283,-0.008175191150000191,-0.0146984510000001,8.832217928938753,0.0196504019999999,0.01630898239999998,0.008049740266666654,5.883408404657391,,0.025954219905058508,-0.09598297060234688,1.1202366930263388,,0.07404487647991849,0.007757663399999988,5.688492827534383,-0.10510564813581286,0.0049836529,3.1646878866900745,-0.041638844298995434,0.002319179866666658,1.5054155349555094,-0.1444593182064384,0.004691267733333321,2.7837882503026226,-0.01023399577191886,0.004285357066666647,2.5262209746856508,-0.03491901184999992,-0.050778117999999955,2.507323404775746,0.22295562425740578,0.01945982540907119,0.002001397709577403,13.0
2024-09-08 03:00:00,0.010213756900000022,11.46594361153782,,0.009596798595187655,1.2751703551335085,3.2548252990976616,,-0.32624680497331465,0.011670607099999971,12.690804782716796,-0.10565516267212453,0.0013359252999999907,0.9064874750452211,0.16218503278026744,0.0009084884000000508,0.6327131381227856,-0.8859009381894974,0.0014759283000000212,0.9984491324511475,,0.004520987200000011,2.9226506595423447,2.1598551051005113,0.33962012936594427,-0.008175191150000191,-0.0146984510000001,7.854516583308273,0.0095404970000001,0.00822504259999996,0.0063852288666666574,5.025233591783344,,0.020017730543263567,-0.2503247663938462,1.687544269364877,,0.051798204972037784,0.008049740266666654,5.883408404657391,-0.12672906472809622,0.007907460033333317,5.788088005326085,-0.014307739212491198,0.004692806900000001,2.956601633973854,0.037891699258180846,0.0044436589999999904,2.6369413135282467,0.02484651958993937,0.004836274633333328,2.8709948500949922,-0.03491901184999992,-0.050778117999999955,2.195641672364531,0.23462322872176689,0.009495273865094005,0.002126233189846181,13.0
2024-09-09 03:00:00,0.010346468299999969,11.672056634937263,,0.009730177896234628,1.2750365696858887,3.3295902900273515,,-0.38150376338999575,0.010213756900000022,11.46594361153782,-0.13870037755983478,0.003840503900000001,2.622244647843756,0.2123721757832997,-0.00012296019999998923,-0.08436824813855114,-0.8867409323958878,0.001267927600000021,0.8602139553116905,,0.00431449310000002,2.7865349213077866,2.098572521698167,0.35018760253755904,-0.008175191150000191,-0.0146984510000001,7.943580039771029,0.0013531449999999,0.01143536179999996,0.0058961978333333265,4.650544974567934,,0.018284728456828003,-0.1897323517753524,1.710212174273642,,0.05188427441013316,0.0063852288666666574,5.025233591783344,-0.17689083988185164,0.007757663399999988,5.688492827534383,0.011036392422379292,0.0049836529,3.1646878866900745,0.03698318009856071,0.002319179866666658,1.5054155349555094,0.03534256163033455,0.004691267733333321,2.7837882503026226,-0.03491901184999992,-0.050778117999999955,2.1040700317784835,0.23629385297059557,0.0013522303243373227,0.0022504411486470644,13.0
2024-09-10 03:00:00,0.006610072499999989,5.570223978765671,,0.0059691355568777145,-0.14126116383906906,1.9236871864734673,,-0.1692614294242402,0.010346468299999969,11.672056634937263,-0.0663586773268974,0.011670607099999971,12.690804782716796,0.0445325769405696,0.0013359252999999907,0.9064874750452211,-0.999877862346404,0.0009084884000000508,0.6327131381227856,,0.0014759283000000212,0.9984491324511475,0.7553399987786027,0.6854566644646027,-0.0272757547500001,-0.0375662760000001,2.2647291695128673,-0.0375662760000001,0.001265071200000001,0.00449614976666666,3.3698668625621093,,0.013338536477558694,-0.16920903416279034,1.0719132778459064,,0.06089634019181645,0.0058961978333333265,4.650544974567934,-0.20131692637741572,0.008049740266666654,5.883408404657391,-0.014881381071227514,0.007907460033333317,5.788088005326085,-0.10663381422106263,0.004692806900000001,2.956601633973854,0.039784042704151416,0.0044436589999999904,2.6369413135282467,-0.0405029075000001,-0.050778117999999955,1.681996443866001,0.18985089687279877,-0.03829007337284945,0.002289956929872812,13.0
2024-09-11 03:00:00,0.0062491425000000085,5.236524085177279,,0.005619815852692273,-0.08667492944706963,1.7777888090650282,,-0.02330745926782068,0.006610072499999989,5.570223978765671,-0.159431269287155,0.010213756900000022,11.46594361153782,0.13155194864313813,0.003840503900000001,2.622244647843756,-0.8844065883417016,-0.00012296019999998923,-0.08436824813855114,,0.001267927600000021,0.8602139553116905,0.6641225416866192,0.7174433631478458,-0.0272757547500001,-0.0375662760000001,2.1384335472586873,-0.0026277389999997,-0.0019299941999999797,0.004053488000000007,3.0375294339711196,,0.011849281092043218,-0.11462678293469461,1.0573994932532917,,0.06007392314274499,0.00449614976666666,3.3698668625621093,-0.19936540696264402,0.0063852288666666574,5.025233591783344,-0.019172419067979632,0.007757663399999988,5.688492827534383,-0.0919107655668036,0.0049836529,3.1646878866900745,0.037481002154118946,0.002319179866666658,1.5054155349555094,-0.0405029075000001,-0.050778117999999955,1.6067895384199946,0.1867242792669015,-0.0026311975662606526,0.002329417388340303,13.0
2024-09-12 03:00:00,0.004593670099999999,3.8031320261558963,,0.004038014976482444,0.16284156724632592,1.5211747747451605,,-0.05905136455895907,0.0062491425000000085,5.236524085177279,-0.09675144559404909,0.010346468299999969,11.672056634937263,0.22862073710979963,0.011670607099999971,12.690804782716796,-0.9393203798511731,0.0013359252999999907,0.9064874750452211,,0.0009084884000000508,0.6327131381227856,1.7392155295131135,0.4191159090422939,-0.0272757547500001,-0.0375662760000001,1.7505959582315214,-0.0063078380000001,-0.007121642199999979,0.0019148054000000007,1.5610678488143468,,0.005065440822171774,-0.3036467647300048,1.4539031368369724,,0.07415550686934967,0.004053488000000007,3.0375294339711196,-0.04941943815190843,0.0058961978333333265,4.650544974567934,-0.010517806296301512,0.008049740266666654,5.883408404657391,-0.1668246825078277,0.007907460033333317,5.788088005326085,-0.10788781730309142,0.004692806900000001,2.956601633973854,-0.0405029075000001,-0.050778117999999955,1.2778913613778404,0.17923861476261904,-0.00632781646839002,0.0025304972821321957,13.0
2024-09-13 03:00:00,-0.001704451100000031,-1.898387152172056,,-0.0016573283587669638,-0.8777161417269049,0.766276900673884,,0.23771809468578478,0.004593670099999999,3.8031320261558963,-0.18390595677074847,0.006610072499999989,5.570223978765671,-0.3938055150289578,0.010213756900000022,11.46594361153782,-0.7721425551296617,0.003840503900000001,2.622244647843756,,-0.00012296019999998923,-0.08436824813855114,1.303358088551939,0.5211699742491032,-0.0272757547500001,-0.0375662760000001,0.770355592206716,-0.0130210160000001,-0.01163394480000002,0.0014673563333333407,1.1882934010504063,,0.0036556651917887483,-0.24600025925054944,1.3099664816037424,,0.08043616723909712,0.0019148054000000007,1.5610678488143468,0.002554066095682531,0.00449614976666666,3.3698668625621093,-0.018902510195411986,0.0063852288666666574,5.025233591783344,-0.178109048827088,0.007757663399999988,5.688492827534383,-0.08330984158771972,0.0049836529,3.1646878866900745,-0.0405029075000001,-0.050778117999999955,1.200334926714208,0.16388372989197708,-0.01310653258183484,0.002696555673350322,13.0
2024-09-14 03:00:00,0.0031973844999999986,3.0814944524812504,,0.0027829109514822484,-0.6443008991555079,1.1355990274334593,,0.11872179888251912,-0.001704451100000031,-1.898387152172056,-0.07675974809484692,0.0062491425000000085,5.236524085177279,-0.6451169143057094,0.010346468299999969,11.672056634937263,0.9902230148540863,0.011670607099999971,12.690804782716796,,0.0013359252999999907,0.9064874750452211,1.675956770065612,0.4325841586642324,-0.0265209090000001,-0.0375662760000001,1.537169081118773,0.0343199050000002,-0.00504059279999996,0.0034499404666666704,2.7722295973130144,,0.009979951491135263,-0.3596550642796314,1.342194817160985,,-0.032457424880839816,0.0014673563333333407,1.1882934010504063,-0.019141227214148425,0.004053488000000007,3.0375294339711196,0.005215573910332042,0.0058961978333333265,4.650544974567934,-0.0885218875104465,0.008049740266666654,5.883408404657391,0.06158646817448254,0.007907460033333317,5.788088005326085,-0.0405029075000001,-0.050778117999999955,1.5319115804762098,0.2038281089329157,0.03374411411637276,0.0028339568458898507,13.0
2024-09-15 03:00:00,0.002201575800000019,2.1560885022028575,,0.0018621503137968337,-0.5036617315744145,1.2904627384691756,,0.07707715839895081,0.0031973844999999986,3.0814944524812504,-0.1587809685731832,0.004593670099999999,3.8031320261558963,-0.22833498846561506,0.006610072499999989,5.570223978765671,0.7459145361793668,0.010213756900000022,11.46594361153782,,0.003840503900000001,2.622244647843756,3.831233115508681,0.14725101583650477,-0.0265209090000001,-0.0375662760000001,1.3698705763496235,0.0033270899999999,0.00313808040000004,0.004991030333333337,4.313277745284651,,0.015292561924609881,-0.33120412203821803,2.1730971451620027,,-0.03693063486709331,0.0034499404666666704,2.7722295973130144,-0.03879612592114741,0.0019148054000000007,1.5610678488143468,-0.00062927428872342,0.00449614976666666,3.3698668625621093,-0.06328944337276048,0.0063852288666666574,5.025233591783344,0.04286426714265353,0.007757663399999988,5.688492827534383,-0.027275754750000096,-0.048108452999999954,1.9872004389443783,0.2078333533958654,0.003321567481952118,0.003042914244438381,13.0
2024-09-16 03:00:00,-0.0007777476000000212,-0.7471263599425649,,-0.0008653987828355459,-0.047834136042452284,0.7089199712463383,,-0.004394254280226062,0.002201575800000019,2.1560885022028575,-0.14151871210424039,-0.001704451100000031,-1.898387152172056,-0.15812171962270669,0.0062491425000000085,5.236524085177279,0.9978010505482997,0.010346468299999969,11.672056634937263,,0.011670607099999971,12.690804782716796,2.5473255379517057,0.2798048819300074,-0.028061992500000146,-0.0375662760000001,0.8976223756675721,-0.0164456460000002,0.00037449899999993997,0.004269970700000001,3.6336689322051807,,0.0128114449790665,-0.24512263333708248,1.83497749158301,,-0.0338439936641814,0.004991030333333337,4.313277745284651,-0.012364908413047354,0.0014673563333333407,1.1882934010504063,0.011524274895455437,0.004053488000000007,3.0375294339711196,-0.04931865898856018,0.0058961978333333265,4.650544974567934,0.020974352626261916,0.008049740266666654,5.883408404657391,-0.02806199250000014,-0.048108452999999954,1.7619600613353166,0.18796975363892376,-0.0165823767929886,0.003204469647824563,13.0
2024-09-17 03:00:00,-0.003664939299999971,-3.754335612310226,,-0.0034150314808107426,0.33226894802185813,1.9233471960331567,,-0.07197257521077373,-0.0007777476000000212,-0.7471263599425649,0.09901667833257959,0.0031973844999999986,3.0814944524812504,-0.07297558904981655,0.004593670099999999,3.8031320261558963,0.31229796751947897,0.006610072499999989,5.570223978765671,,0.010213756900000022,11.46594361153782,2.160250117395806,0.33955305892615983,-0.028061992500000146,-0.0375662760000001,0.5697924621346063,-0.0092215149999996,-0.00020823639999995974,0.003991333966666667,3.378875740185392,,0.011867628644242335,-0.20908653631365604,1.720456589121334,,-0.015444061734408158,0.004269970700000001,3.6336689322051807,-0.03986276544999913,0.0034499404666666704,2.7722295973130144,0.02571653874310847,0.0019148054000000007,1.5610678488143468,-0.012344184888264585,0.00449614976666666,3.3698668625621093,0.009328284897412782,0.0063852288666666574,5.025233591783344,-0.02806199250000014,-0.048108452999999954,1.6785021365172716,0.17701487273619665,-0.009264296378639921,0.003336103247657098,13.0
2024-09-18 03:00:00,-0.0037589131000000213,-3.8654630200195705,,-0.0034964759524920386,0.3451910792321397,2.0170199395392996,,-0.12252641555309607,-0.003664939299999971,-3.754335612310226,0.13335328525680012,0.002201575800000019,2.1560885022028575,0.12433285630103491,-0.001704451100000031,-1.898387152172056,0.1459969270222937,0.0062491425000000085,5.236524085177279,,0.010346468299999969,11.672056634937263,2.2846191463233008,0.3190812287084689,-0.028061992500000146,-0.0375662760000001,0.5587613825716881,0.0086007589999996,0.0041161185999999805,0.004289683466666654,3.6314773967089136,,0.011699316789911741,-0.2510104309470203,1.7346061743802328,,-0.014992230529127138,0.003991333966666667,3.378875740185392,-0.03100042185033839,0.004991030333333337,4.313277745284651,0.03910367273515401,0.0014673563333333407,1.1882934010504063,-0.0187834371074184,0.004053488000000007,3.0375294339711196,-0.051150759387843144,0.0058961978333333265,4.650544974567934,-0.02806199250000014,-0.048108452999999954,1.7306676804048182,0.1871380939960159,0.008563983188461397,0.003457910174165948,13.0
2024-09-19 03:00:00,-0.005961950000000002,-5.932264558013633,,-0.004967972021509735,0.6474361834447816,1.6741398178884503,,-0.14995840711279743,-0.0037589131000000213,-3.8654630200195705,0.22802504216948377,-0.0007777476000000212,-0.7471263599425649,-0.7835115657488608,0.0031973844999999986,3.0814944524812504,0.2190950922423211,0.004593670099999999,3.8031320261558963,,0.006610072499999989,5.570223978765671,1.477612448493013,0.47768382264801146,-0.02996620260000001,-0.0375662760000001,0.4368466377366808,-0.0206772239999999,-0.00688330720000004,0.002968501833333327,2.4832829721153193,,0.007065715930601402,-0.11410427123438896,1.4971284055295848,,-0.020783890300531842,0.004289683466666654,3.6314773967089136,-0.0062413537997176,0.004269970700000001,3.6336689322051807,-0.006366738101120991,0.0034499404666666704,2.7722295973130144,0.01573559144929632,0.0019148054000000007,1.5610678488143468,0.03659484541936861,0.00449614976666666,3.3698668625621093,-0.029966202600000005,-0.048108452999999954,1.4525051895143688,0.1625913737075273,-0.02089399109706234,0.003551982253325024,13.0
2024-09-20 03:00:00,-0.0017349352999999716,-2.0943723926245377,,-0.001408763670428705,1.276669193459448,2.267546456646925,,-0.23649722609722562,-0.005961950000000002,-5.932264558013633,0.06231602065944494,-0.003664939299999971,-3.754335612310226,-0.6348265743983121,0.002201575800000019,2.1560885022028575,-0.04404302166986352,-0.001704451100000031,-1.898387152172056,,0.0062491425000000085,5.236524085177279,1.4950543043304743,0.47353608879454967,-0.018773013900000034,-0.0206772239999999,0.7459867547636218,0.0047038710000002,-0.00660795099999998,0.003063210100000014,2.562381923471289,,0.00675884725889903,-0.12739561778043662,1.4984576924618995,,-0.021561683442864864,0.002968501833333327,2.4832829721153193,-0.0026471823937996193,0.003991333966666667,3.378875740185392,-0.007289888861578681,0.004991030333333337,4.313277745284651,0.00026012768948910315,0.0014673563333333407,1.1882934010504063,0.03371251953240412,0.004053488000000007,3.0375294339711196,-0.029966202600000005,-0.048108452999999954,1.4669420956073613,0.16806005355516063,0.004692842370119793,0.0036341426359742844,13.0
2024-09-21 03:00:00,-0.0009063487000000318,-1.082892867428162,,-0.0007255984150003931,1.0570015782551896,1.6344842554319976,,-0.2149141749334785,-0.0017349352999999716,-2.0943723926245377,0.20580508533869712,-0.0037589131000000213,-3.8654630200195705,-0.8249742720305546,-0.0007777476000000212,-0.7471263599425649,0.41152845918915953,0.0031973844999999986,3.0814944524812504,,0.004593670099999999,3.8031320261558963,2.428873327346274,0.29687720891262076,-0.018773013900000034,-0.0206772239999999,0.8619911668099783,0.0056581269999997,-0.0021871964,0.0022729073666666673,1.947134158806277,,0.004486326523889615,-0.08344371586365909,1.8770398098245866,,-0.040804961661353625,0.003063210100000014,2.562381923471289,0.008805917773688962,0.004289683466666654,3.6314773967089136,0.008622523212817944,0.004269970700000001,3.6336689322051807,-0.04613952774639323,0.0034499404666666704,2.7722295973130144,0.03794787900051798,0.0019148054000000007,1.5610678488143468,-0.029966202600000005,-0.048108452999999954,1.3464718690079962,0.17466908568180228,0.005642179924865484,0.003718424350174793,13.0
2024-09-22 03:00:00,-0.00029999870000000164,-0.3609857034220537,,-0.00027455825112215524,0.9419240885120994,1.560173703134343,,-0.2580906508836972,-0.0009063487000000318,-1.082892867428162,0.16963915263124868,-0.005961950000000002,-5.932264558013633,-0.9199849684314273,-0.003664939299999971,-3.754335612310226,0.3220551709664544,0.002201575800000019,2.1560885022028575,,-0.001704451100000031,-1.898387152172056,2.597831210076818,0.27282748543194957,-0.018773013900000034,-0.0206772239999999,0.949672869814657,-0.0002443379999998,-0.0003917610000000401,0.0018538663333333406,1.5936889090294588,,0.0033073634060977112,-0.027179620146957535,1.9433661665746527,,-0.08793408835963899,0.0022729073666666673,1.947134158806277,0.010816855695290893,0.002968501833333327,2.4832829721153193,0.06947571547756885,0.003991333966666667,3.378875740185392,-0.04410932244179045,0.004991030333333337,4.313277745284651,0.044001114774102484,0.0014673563333333407,1.1882934010504063,-0.029966202600000005,-0.048108452999999954,1.2822447070976595,0.17438206938674528,-0.00024436785539221415,0.0037940816033625916,13.0
2024-09-23 03:00:00,0.00036312859999999836,0.44994199896807124,,0.00016079462077456252,0.9365228730706561,1.9229824311851513,,-0.06147744334725155,-0.00029999870000000164,-0.3609857034220537,0.03837649928639945,-0.0017349352999999716,-2.0943723926245377,-0.9116511310783136,-0.0037589131000000213,-3.8654630200195705,0.9904158919527917,-0.0007777476000000212,-0.7471263599425649,,0.0031973844999999986,3.0814944524812504,5.4740072055038205,0.06476411546173262,-0.018773013900000034,-0.0206772239999999,1.0685426771916302,-0.0063897430000001,-0.00338986139999998,-0.00014427803333332608,-0.1378307083309756,,-0.000631841841801345,-0.35597133350899035,2.585297167400965,,-0.07700970410753115,0.0018538663333333406,1.5936889090294588,0.06533102167581159,0.003063210100000014,2.562381923471289,-0.05272636083882665,0.004289683466666654,3.6314773967089136,-0.016571182693969927,0.004269970700000001,3.6336689322051807,-0.03243270548864931,0.0034499404666666704,2.7722295973130144,-0.029966202600000005,-0.048108452999999954,0.9787240885959202,0.16687806977955577,-0.006410244788572438,0.003922919207993845,14.0
2024-09-24 03:00:00,-0.0037568809000000114,-7.3031064597603965,,-0.002197811428124605,-0.4934846525747199,-0.8794389853361219,,-0.3902901815004526,0.00036312859999999836,0.44994199896807124,0.35985983317062376,-0.0009063487000000318,-1.082892867428162,-0.03204815586326282,-0.005961950000000002,-5.932264558013633,0.9065630746511316,-0.003664939299999971,-3.754335612310226,,0.002201575800000019,2.1560885022028575,5.291333652383469,0.07095802129302148,-0.018773013900000034,-0.0206772239999999,0.3723746647897026,-0.0068801899999999,-0.0006304545999999802,-0.00022748553333333275,-0.2170656493022308,,-0.0007406670228978523,-0.34242128264511373,2.5514214015508476,,-0.0734917951329164,-0.00014427803333332608,-0.1378307083309756,0.04571860858647757,0.0022729073666666673,1.947134158806277,-0.032817466953629734,0.002968501833333327,2.4832829721153193,-0.007481505729636166,0.003991333966666667,3.378875740185392,-0.0013180328807817223,0.004991030333333337,4.313277745284651,-0.029966202600000005,-0.048108452999999954,0.966860549568669,0.15884972695263921,-0.006903967633068554,0.004024685263281187,15.0
2024-09-25 03:00:00,-0.0037663559999999915,-7.327150931164563,,-0.0020807612586468682,-0.4930689138207434,-0.8748930942354326,,-0.3347099623906887,-0.0037568809000000114,-7.3031064597603965,0.30869323763701806,-0.00029999870000000164,-0.3609857034220537,-0.06518877550203603,-0.0017349352999999716,-2.0943723926245377,0.9470068712187791,-0.0037589131000000213,-3.8654630200195705,,-0.0007777476000000212,-0.7471263599425649,5.375195116371415,0.06804421543098552,-0.018773013900000034,-0.0206772239999999,0.37079175253986013,0.0032323390000001,-0.000924761,-7.628496666665943e-05,-0.07275908319671744,,-0.00045036612499981747,-0.36604147184587027,2.553482511187116,,-0.07684821916218604,-0.00022748553333333275,-0.2170656493022308,0.05088939918346439,0.0018538663333333406,1.5936889090294588,-0.03226592985039222,0.003063210100000014,2.562381923471289,-0.004211187032524853,0.004289683466666654,3.6314773967089136,-0.015807539889732117,0.004269970700000001,3.6336689322051807,-0.029966202600000005,-0.048108452999999954,0.988816221713912,0.16259552212020778,0.003227126222250752,0.004095494912248607,16.0
2024-09-26 03:00:00,-0.0012119470000000016,-2.4444969403364314,,-0.0006555377454833606,-0.9069403326918335,0.37442190606174414,,-0.3977085650671411,-0.0037663559999999915,-7.327150931164563,-0.2504125899740615,0.00036312859999999836,0.44994199896807124,0.4596585047940476,-0.0009063487000000318,-1.082892867428162,-0.24397138320908954,-0.005961950000000002,-5.932264558013633,,-0.003664939299999971,-3.754335612310226,6.31401244015465,0.0425529447272171,-0.015522154949999766,-0.0206772239999999,0.7208332232184888,0.0090984439999997,-0.00023669759999999997,0.0006169364333333272,0.5900800436657946,,0.000671875223745087,-0.46988660794288173,2.683200547072988,,-0.16456222744540538,-7.628496666665943e-05,-0.07275908319671744,0.04326539114953067,-0.00014427803333332608,-0.1378307083309756,-0.029509716092850642,0.0022729073666666673,1.947134158806277,0.05173201102246372,0.002968501833333327,2.4832829721153193,-0.005192123676279235,0.003991333966666667,3.378875740185392,-0.029966202600000005,-0.048108452999999954,1.095930194321871,0.1731733323728688,0.009057302519066536,0.004133792417088237,17.0
2024-09-27 03:00:00,0.00022880569999997845,0.4746062493231856,,9.526432793601768e-05,-1.440440151048802,1.9856997645532155,,-0.21398378370148172,-0.0012119470000000016,-2.4444969403364314,-0.23863022867916087,-0.0037568809000000114,-7.3031064597603965,0.45808258196686363,-0.00029999870000000164,-0.3609857034220537,-0.9779708796905734,-0.0017349352999999716,-2.0943723926245377,,-0.0037589131000000213,-3.8654630200195705,3.9281754189897367,0.1402838078422013,-0.014468558699999901,-0.0206772239999999,1.0669188900136695,0.0051860120000002,0.0008493724,0.002744824499999994,3.1686353990688976,,0.0040722645810896355,0.4558762530430307,2.0698607549319177,,-0.031247433701791016,0.0006169364333333272,0.5900800436657946,0.030929653416149904,-0.00022748553333333275,-0.2170656493022308,0.029351773649527586,0.0018538663333333406,1.5936889090294588,-0.08103417211098536,0.003063210100000014,2.562381923471289,0.15130346375728393,0.004289683466666654,3.6314773967089136,-0.018773013900000034,-0.029121750000000002,1.6132210910745817,0.17925742335263473,0.005172610951798031,0.004218151033089165,18.0
2024-09-28 03:00:00,0.00016369250000000841,0.3419074056388158,,5.992747707838668e-05,-1.4670063004951275,2.0550697373613027,,0.1967919849780681,0.00022880569999997845,0.4746062493231856,-0.27035311298098225,-0.0037663559999999915,-7.327150931164563,0.8021269453660144,0.00036312859999999836,0.44994199896807124,-0.7042165703374555,-0.0009063487000000318,-1.082892867428162,,-0.005961950000000002,-5.932264558013633,6.4293714881258355,0.04016795485869735,-0.014468558699999901,-0.0206772239999999,1.0478752068376245,0.0079496269999999,0.0037172464,0.0022061787666666707,2.6200936000685595,,0.003065772034193041,0.5187460500837702,2.6595002795335136,,-0.023769693088196212,0.002744824499999994,3.1686353990688976,0.036678399791396,-7.628496666665943e-05,-0.07275908319671744,-0.14731484900776187,-0.00014427803333332608,-0.1378307083309756,-0.128046811686018,0.0022729073666666673,1.947134158806277,0.037156845454807824,0.002968501833333327,2.4832829721153193,-0.018773013900000034,-0.029121750000000002,1.4928822771728336,0.1886320800052692,0.007918195186188389,0.004254818826147471,19.0
2024-09-29 03:00:00,0.0015820762000000085,4.897347287810238,,0.0007163643460643586,-0.4803321456143623,-1.5093572813002614,,0.2909086720839647,0.00016369250000000841,0.3419074056388158,-0.777886939361185,-0.0012119470000000016,-2.4444969403364314,0.4854536300370838,-0.0037568809000000114,-7.3031064597603965,0.9995479569501379,-0.00029999870000000164,-0.3609857034220537,,-0.0017349352999999716,-2.0943723926245377,6.265139271076267,0.04360560265862481,-0.0067061286499999,-0.0068801899999999,1.7907353184928896,-0.0064933869999999,0.0037946069999999998,0.0019888648333333267,2.351144493923719,,0.002611011241327606,0.5491733088888247,2.5860622820914685,,-0.030958996410811932,0.0022061787666666707,2.6200936000685595,0.030057862039396855,0.0006169364333333272,0.5900800436657946,-0.14376482259156875,-0.00022748553333333275,-0.2170656493022308,-0.12166322422300337,0.0018538663333333406,1.5936889090294588,0.0398983917063195,0.003063210100000014,2.562381923471289,-0.018773013900000034,-0.029121750000000002,1.4238370181112188,0.1809138319091801,-0.00651456074669103,0.004230429414731284,20.0
2024-09-30 03:00:00,0.0005860236999999885,1.7463331600497256,,0.00024738613900627914,-0.025315053992805196,-1.9489953258827382,,0.36237305220430627,0.0015820762000000085,4.897347287810238,-0.7884209557721138,0.00022880569999997845,0.4746062493231856,0.22030578663153497,-0.0037663559999999915,-7.327150931164563,0.8181792528775116,0.00036312859999999836,0.44994199896807124,,-0.0009063487000000318,-1.082892867428162,6.209639315344301,0.04483260304625428,-0.0067061286499999,-0.0068801899999999,1.231957113132717,-0.005256654,0.00209680839999998,0.00182038696666667,2.1453537651000225,,0.0022650651021421894,0.574316871454916,2.54176150537106,,-0.02278700181168932,0.0019888648333333267,2.351144493923719,0.05136305592964557,0.002744824499999994,3.1686353990688976,-0.1431278702227542,-7.628496666665943e-05,-0.07275908319671744,-0.11141525722234824,-0.00014427803333332608,-0.1378307083309756,0.03981144133231892,0.0022729073666666673,1.947134158806277,-0.018773013900000034,-0.029121750000000002,1.3744881197027596,0.17470617649101938,-0.005270518815340065,0.004131260964993042,21.0
2024-10-01 03:00:00,-0.0036973398999999617,-5.320045750871341,,-0.0015477128040828393,-1.949095672258499,4.861863211733332,,0.4364654912609063,0.0005860236999999885,1.7463331600497256,-0.6569324573492816,0.00016369250000000841,0.3419074056388158,-0.7688748960622729,-0.0012119470000000016,-2.4444969403364314,0.5275885020376723,-0.0037568809000000114,-7.3031064597603965,,-0.00029999870000000164,-0.3609857034220537,2.6493477162994195,0.2658896626958854,-0.023542615449999846,-0.0371755089999998,0.4078554606877326,-0.0371755089999998,-0.007157982199999921,0.0005484846333333397,0.5917878035937152,,0.0004996226541877091,0.27737869415184113,1.8441445444433553,,0.013471139724095926,0.00182038696666667,2.1453537651000225,0.013498303735919493,0.0022061787666666707,2.6200936000685595,-0.16579211590071205,0.0006169364333333272,0.5900800436657946,-0.04798210515260833,-0.00022748553333333275,-0.2170656493022308,0.04782955395327764,0.0018538663333333406,1.5936889090294588,-0.029751280749999845,-0.03737089249999995,1.0899127979939194,0.13103587645452208,-0.0378841361304351,0.0038809105091480965,22.0
