"datetime","returns"
2021-01-01,0
2021-01-02,0
2021-01-03,0
2021-01-04,0
2021-01-05,0.00162644095247668
2021-01-06,-0.00492945516780191
2021-01-07,0
2021-01-08,0
2021-01-09,3.01159297606276E-05
2021-01-10,0.000257785403894663
2021-01-11,-0.0249687167300043
2021-01-12,0
2021-01-13,0.00117384481499582
2021-01-14,0
2021-01-15,0.00191761581982319
2021-01-16,0
2021-01-17,0
2021-01-18,-0.000119354515979532
2021-01-19,0.000566908178448294
2021-01-20,-0.00354998160207171
2021-01-21,-0.00261560204102365
2021-01-22,0.00173463528372651
2021-01-23,0
2021-01-24,-0.000837358344386868
2021-01-25,0.0195379304266261
2021-01-26,0
2021-01-27,0
2021-01-28,-0.00610426858546696
2021-01-29,-0.00205346247486111
2021-01-30,-0.00142612908665915
2021-01-31,-0.00192283732425202
2021-02-01,-0.00343210352321198
2021-02-02,-0.00435068114900554
2021-02-03,-0.00745734113324578
2021-02-04,0.0216127453211435
2021-02-05,0.00716680981607297
2021-02-06,0
2021-02-07,0.00180283938041721
2021-02-08,-0.0510159146021468
2021-02-09,0.00704914161468606
2021-02-10,0.0121825538848362
2021-02-11,0.0153001062995115
2021-02-12,0
2021-02-13,0.0163759449744187
2021-02-14,0.007946452375709
2021-02-15,0.0111700476759359
2021-02-16,0
2021-02-17,0.00210109002586621
2021-02-18,-0.000145714935975832
2021-02-19,0
2021-02-20,0.0317973175342767
2021-02-21,-0.00739717440529205
2021-02-22,0.0204245160067043
2021-02-23,-0.0060981481637916
2021-02-24,0.00328423952290931
2021-02-25,0.00334333316902047
2021-02-26,0.00373187833062398
2021-02-27,0
2021-02-28,0.000802722951071521
2021-03-01,0.00498278178250641
2021-03-02,-0.00238458415479881
2021-03-03,-9.77047428078419E-05
2021-03-04,-0.00354048958428212
2021-03-05,0
2021-03-06,0
2021-03-07,-7.4858988386262E-06
2021-03-08,-0.00569533786760771
2021-03-09,-0.00209228962074309
2021-03-10,0
2021-03-11,0.00169539656850373
2021-03-12,3.16162998543292E-05
2021-03-13,0.00453022685398833
2021-03-14,0
2021-03-15,0.00282052220436553
2021-03-16,0.00163808143272337
2021-03-17,-0.0139544922520429
2021-03-18,0.00591697000225718
2021-03-19,-0.000277009841345196
2021-03-20,0.000853627044349338
2021-03-21,0.00104736398494971
2021-03-22,0.0100752787040612
2021-03-23,0.000403521544899072
2021-03-24,-0.0163242393989986
2021-03-25,-0.000295541172322231
2021-03-26,-0.00056376149625942
2021-03-27,0
2021-03-28,-0.016629731411773
2021-03-29,0.00144265874652287
2021-03-30,-0.00717429594318364
2021-03-31,0.035150702447003
2021-04-01,-0.0296292455828203
2021-04-02,0.000475257226537489
2021-04-03,0
2021-04-04,0.00370258969122646
2021-04-05,-0.000862018954305691
2021-04-06,-0.0189127033257949
2021-04-07,0
2021-04-08,0
2021-04-09,0.00305538330462709
2021-04-10,0.00568346337585595
2021-04-11,-0.000428588458566707
2021-04-12,0.00162145936334946
2021-04-13,-0.000897869344591845
2021-04-14,0.00831367541452317
2021-04-15,0.000606980032547788
2021-04-16,0
2021-04-17,0.00060836904611842
2021-04-18,0.0553542432889955
2021-04-19,0.00228259914286389
2021-04-20,0
2021-04-21,0.00139054605544
2021-04-22,0.000990039698083528
2021-04-23,0.0210288475529053
2021-04-24,0
2021-04-25,-0.00527805845373338
2021-04-26,-0.0021351381344311
2021-04-27,0.00975788110347858
2021-04-28,-0.0283299647544406
2021-04-29,0
2021-04-30,-0.000164089873172478
2021-05-01,0
2021-05-02,0
2021-05-03,0.000665135394395258
2021-05-04,-0.00619506890808049
2021-05-05,0.0129781332295653
2021-05-06,0.0244228840527638
2021-05-07,-0.00528657810759537
2021-05-08,0.00891312359289496
2021-05-09,-0.0104569694648543
2021-05-10,-0.00222743654892146
2021-05-11,-0.0093036204876962
2021-05-12,0.00177441812017766
2021-05-13,0.0107914013878959
2021-05-14,0.00225051586509826
2021-05-15,-0.0234904179981389
2021-05-16,0.00235709796839403
2021-05-17,0.00208621315249028
2021-05-18,-0.000412143028312014
2021-05-19,0.0654386200561908
2021-05-20,0.00829456009055325
2021-05-21,0.00291843478125484
2021-05-22,0.00657777236234318
2021-05-23,0.00152501232708928
2021-05-24,0.00524001976379404
2021-05-25,0.0029137611578078
2021-05-26,0.00833979085050731
2021-05-27,0
2021-05-28,0
2021-05-29,0.00110618227727639
2021-05-30,-0.00184609299900006
2021-05-31,-0.0161589080459313
2021-06-01,0.00267428219276777
2021-06-02,0
2021-06-03,-0.00074236011220547
2021-06-04,0.0237591361654493
2021-06-05,0.00366342310521502
2021-06-06,0.0013046667147955
2021-06-07,0.00307557810571524
2021-06-08,0
2021-06-09,-0.00133655413308115
2021-06-10,-0.00185776865457665
2021-06-11,-0.00219609934201623
2021-06-12,-0.00243354335321939
2021-06-13,0.00217899151894289
2021-06-14,0.006659414910933
2021-06-15,-0.000230409100443793
2021-06-16,-0.0070613371401686
2021-06-17,0
2021-06-18,0.00044235674148262
2021-06-19,-0.00719970860949539
2021-06-20,0.000942671126315983
2021-06-21,0.00191222227272037
2021-06-22,0.00259777137469251
2021-06-23,0
2021-06-24,-0.000174642397807487
2021-06-25,-0.00356877404532561
2021-06-26,0
2021-06-27,0.00325092796609506
2021-06-28,-0.000701954424599543
2021-06-29,0.00213014922080108
2021-06-30,-0.000301014054863287
2021-07-01,0.00405051286005625
2021-07-02,0.00123020667444486
2021-07-03,0.00327287088979984
2021-07-04,-0.00127171713145487
2021-07-05,-0.00705025966350689
2021-07-06,0.00217902105027481
2021-07-07,0.000577456732011836
2021-07-08,0.00558620785154859
2021-07-09,0.00151091360110544
2021-07-10,0.00337805425071341
2021-07-11,-0.000574892440318715
2021-07-12,0.00107656965839857
2021-07-13,-0.000708336523503588
2021-07-14,0
2021-07-15,-0.00073133068652161
2021-07-16,0.00103312585764414
2021-07-17,0.00283922697837528
2021-07-18,-0.00218740229921831
2021-07-19,0.0014050465310932
2021-07-20,-0.00295673615861514
2021-07-21,0.000186105834923078
2021-07-22,0
2021-07-23,0.00199741595534557
2021-07-24,-0.0033124527922597
2021-07-25,0.000349621309101906
2021-07-26,-0.00823848549334479
2021-07-27,-0.000196684877718748
2021-07-28,-0.0203760566500544
2021-07-29,0.0045406678167897
2021-07-30,-0.00184471981707647
2021-07-31,-0.000367099981686346
2021-08-01,0.00876901757237876
2021-08-02,0
2021-08-03,0.000671960470128163
2021-08-04,0.00160102149848704
2021-08-05,-0.00153014502424311
2021-08-06,0.0004570618136004
2021-08-07,-0.0156721589173089
2021-08-08,-0.00118619508198676
2021-08-09,0
2021-08-10,-0.00391523000993524
2021-08-11,0.00270708118071681
2021-08-12,0
2021-08-13,0.000998360858974296
2021-08-14,-0.000310310209157247
2021-08-15,0.00203474003215947
2021-08-16,0.0109694215471324
2021-08-17,0.00465484785037983
2021-08-18,-0.0043809034731295
2021-08-19,1.54019522767622E-05
2021-08-20,0.000544576943240089
2021-08-21,-0.00219379533270431
2021-08-22,0.00109644583207036
2021-08-23,0.004070256175232
2021-08-24,0.0240610862331688
2021-08-25,0.000942958032128564
2021-08-26,0.00269748415141625
2021-08-27,-0.00180642650042275
2021-08-28,0.00219621788098051
2021-08-29,0
2021-08-30,0.00027504020372787
2021-08-31,-0.00192887374994614
2021-09-01,-0.000122082070171785
2021-09-02,-0.00149342326821573
2021-09-03,0
2021-09-04,0.000587046417298952
2021-09-05,0.000414930137458344
2021-09-06,0.0245680760078118
2021-09-07,0.010747826351829
2021-09-08,0.00145456979573086
2021-09-09,0.0108534515747594
2021-09-10,-0.0278985838015568
2021-09-11,0
2021-09-12,-0.0169874655994308
2021-09-13,-0.0828394485794311
2021-09-14,0.00207762689790107
2021-09-15,0.00148023670336124
2021-09-16,0.0115333516540663
2021-09-17,0.00722823031787976
2021-09-18,0.00367201344388626
2021-09-19,0.00247328348424703
2021-09-20,-0.000992202593493086
2021-09-21,0.00326505287445462
2021-09-22,0.00717248555148414
2021-09-23,0.00115578524527327
2021-09-24,-0.0035149906321622
2021-09-25,0.000439961788566093
2021-09-26,-0.00108794033583511
2021-09-27,0.00257503412595762
2021-09-28,0.00208399900425403
2021-09-29,-0.0265360431590406
2021-09-30,0
2021-10-01,0.0121157354738203
2021-10-02,0.001046259988334
2021-10-03,0.00166402965634594
2021-10-04,0.0106528074993876
2021-10-05,0.00206291348905996
2021-10-06,0.0181307785632597
2021-10-07,0.00126349791678824
2021-10-08,-0.000987253897056963
2021-10-09,0.000547479064941407
2021-10-10,0.00624881022830339
2021-10-11,0.00202564114941574
2021-10-12,0.000913211381936072
2021-10-13,0.00898715023541357
2021-10-14,0.0131977097194455
2021-10-15,0.0044197746073655
2021-10-16,0.00740964762472769
2021-10-17,0.00157351442479121
2021-10-18,0.00373083364619878
2021-10-19,0.000187495546660455
2021-10-20,0.000362918474300847
2021-10-21,-0.000711922971461748
2021-10-22,-0.00282648125153893
2021-10-23,-0.00711575225390033
2021-10-24,-0.0182460012585991
2021-10-25,0.00106130069391299
2021-10-26,0.000838610966842767
2021-10-27,0.0106906401518497
2021-10-28,0.017818886027983
2021-10-29,-0.00091745796119789
2021-10-30,0.0106182745267739
2021-10-31,-0.00420240224505952
2021-11-01,-0.00205051025464511
2021-11-02,0.00122671596512438
2021-11-03,0.00364773210804386
2021-11-04,0
2021-11-05,0.00503872366531389
2021-11-06,0.0105878631621899
2021-11-07,0.00108763491036147
2021-11-08,0.00139687541412121
2021-11-09,0.00302297937147998
2021-11-10,0.036602067836449
2021-11-11,-0.00199558906848783
2021-11-12,0.00590118862056879
2021-11-13,-0.0020751945836656
2021-11-14,-0.00104826411037861
2021-11-15,-0.000978515668090265
2021-11-16,0.00033890695954076
2021-11-17,0.00641083498862656
2021-11-18,0.00601106140189772
2021-11-19,-0.00411686296033717
2021-11-20,-0.0010659650602774
2021-11-21,0.0026152132923966
2021-11-22,-0.000545737749515315
2021-11-23,-0.00149777589866033
2021-11-24,0.00713622032863432
2021-11-25,0.00208468163277536
2021-11-26,-4.61392517349048E-05
2021-11-27,-5.85000926809987E-05
2021-11-28,0.00272976192043776
2021-11-29,-0.0361073329573544
2021-11-30,0.00556455305776167
2021-12-01,0.00306471755459741
2021-12-02,-0.0232526428562933
2021-12-03,0.00486364501980155
2021-12-04,-0.0481410765202679
2021-12-05,-0.000354040581739211
2021-12-06,0.00137690219826203
2021-12-07,0.00200834285406444
2021-12-08,0.000398260585808444
2021-12-09,-0.0263334607261793
2021-12-10,0.00416426629523173
2021-12-11,0.00314920856161715
2021-12-12,0.00206665312028999
2021-12-13,0.000807065078205218
2021-12-14,-0.0763745295208888
2021-12-15,0.11660060132295
2021-12-16,0.00141796497915805
2021-12-17,-3.80244833525093E-05
2021-12-18,0.000466818567868828
2021-12-19,0.00331215338372228
2021-12-20,0.000148581004122663
2021-12-21,-0.00475932261209143
2021-12-22,0.000177171514960962
2021-12-23,0.00783990860093836
2021-12-24,0.00190462979314221
2021-12-25,0.00259818970877108
2021-12-26,0.00577048449714683
2021-12-27,0.00256159249925062
2021-12-28,0.000927596998158945
2021-12-29,0.00204168481007881
2021-12-30,0.00126636453209011
2021-12-31,0.000332822380280303
2022-01-01,-2.77365887937037E-05
2022-01-02,0.000423458012837853
2022-01-03,0.00580630651875623
2022-01-04,0.00041541704337047
2022-01-05,0.00269862631583216
2022-01-06,0.000207772400827602
2022-01-07,0
2022-01-08,0
2022-01-09,0
2022-01-10,0
2022-01-11,0.0023550389425121
2022-01-12,0
2022-01-13,0.00238042350115062
2022-01-14,0.00159538793529637
2022-01-15,0.00037462909753898
2022-01-16,0.00132423395066105
2022-01-17,-0.00358603420832978
2022-01-18,0.000374520291035314
2022-01-19,0.000173891199434054
2022-01-20,0.00842755022072862
2022-01-21,0.00619242757097752
2022-01-22,0.000829986752183619
2022-01-23,0.00195993227511231
2022-01-24,0.0058231424303313
2022-01-25,0.0228146291296982
2022-01-26,0.00315479069100124
2022-01-27,0.00194444297936671
2022-01-28,0.000700732313655566
2022-01-29,0.00323682826377462
2022-01-30,-0.00114968344366644
2022-01-31,0.00120510286718339
2022-02-01,0.000745311268975244
2022-02-02,0.00215084712249471
2022-02-03,0
2022-02-04,-0.000330503262042781
2022-02-05,-0.0136890317308236
2022-02-06,0
2022-02-07,-0.00219667704135402
2022-02-08,0.0218650807286957
2022-02-09,0.00436131423192141
2022-02-10,0.00724112193564862
2022-02-11,0.00130575797376646
2022-02-12,-0.00310915959057333
2022-02-13,-0.0076237219935136
2022-02-14,-0.0015147101553846
2022-02-15,0.000797495672442801
2022-02-16,0.00160358051497607
2022-02-17,0.00306731660871214
2022-02-18,0.00055293287011718
2022-02-19,-0.00510505243193737
2022-02-20,0.000135888096530675
2022-02-21,0.00255383793869225
2022-02-22,0.000751650965524355
2022-02-23,0.000137561400835174
2022-02-24,0.00163117468637426
2022-02-25,0.00158995644459993
2022-02-26,0.00165461569652675
2022-02-27,0.000295708483537988
2022-02-28,-0.00326434873169261
2022-03-01,-0.00249082431619874
2022-03-02,0
2022-03-03,-0.000901570178901176
2022-03-04,0.00117797818809466
2022-03-05,-0.00029087874798061
2022-03-06,-3.07381882491205E-05
2022-03-07,0
2022-03-08,-0.00059306086864114
2022-03-09,0.00108366238273873
2022-03-10,0.000496741021102614
2022-03-11,-0.000508944830408585
2022-03-12,0.0041956164305329
2022-03-13,0.0105732856724641
2022-03-14,0.000610300355873609
2022-03-15,-0.000247682852777676
2022-03-16,-0.00768407282553057
2022-03-17,0.0024239911051351
2022-03-18,0.000766508553283457
2022-03-19,-0.00627204745312422
2022-03-20,0.000795824780029183
2022-03-21,0.00215999648053008
2022-03-22,0.000268480204871184
2022-03-23,-0.00151912042263979
2022-03-24,-0.00503429884149363
2022-03-25,0.00443370986985238
2022-03-26,0.0023358968083682
2022-03-27,0.00120638451201948
2022-03-28,0.0172043181347644
2022-03-29,0.00238358469174242
2022-03-30,0.00272186799727884
2022-03-31,0.000773250085788704
2022-04-01,0.00362027326677199
2022-04-02,-0.00449418438555248
2022-04-03,0.00243976971648296
2022-04-04,0.00255498720414118
2022-04-05,-0.000657512998919352
2022-04-06,0.0030268749984716
2022-04-07,-0.00921180259338432
2022-04-08,0
2022-04-09,0.00240282938839601
2022-04-10,0.0029734447522753
2022-04-11,-0.00307238702497196
2022-04-12,-0.000525364376149144
2022-04-13,0.012788330867147
2022-04-14,-0.00876489847650143
2022-04-15,-0.00128952019072965
2022-04-16,0.00182685346351573
2022-04-17,-0.00363911165082638
2022-04-18,0.00297151764836645
2022-04-19,-0.00191258972216603
2022-04-20,-0.00326490510839223
2022-04-21,-0.00075199755859375
2022-04-22,3.89412539606302E-05
2022-04-23,-0.000247014931388263
2022-04-24,-3.42362915089258E-05
2022-04-25,-0.0169646707793695
2022-04-26,0.00310851251661303
2022-04-27,0.0174998968759611
2022-04-28,-0.00542156682850807
2022-04-29,-0.000591672046715577
2022-04-30,-0.00280961986168201
2022-05-01,0.00436255558142753
2022-05-02,-0.0012996791376875
2022-05-03,0.0105546955098781
2022-05-04,-0.014487164494934
2022-05-05,0.00471536187420373
2022-05-06,0.00256703388014839
2022-05-07,0.00246304747053872
2022-05-08,0.00210445031660015
2022-05-09,-0.00619172625907695
2022-05-10,-0.00507507124294783
2022-05-11,0.0679263441479432
2022-05-12,0.0251563239440184
2022-05-13,0
2022-05-14,0
2022-05-15,0.000240036150004717
2022-05-16,0.0114825458167571
2022-05-17,0
2022-05-18,0.00662774553140425
2022-05-19,0.00904082613936954
2022-05-20,-0.000457120159865841
2022-05-21,-0.0111329223582787
2022-05-22,0.00101168493258177
2022-05-23,-0.000530006483886141
2022-05-24,-0.000256462180965048
2022-05-25,0.00979439684386074
2022-05-26,-0.0213429144678864
2022-05-27,0
2022-05-28,0.001799838688903
2022-05-29,0.0104300320911576
2022-05-30,0.00857418146793198
2022-05-31,0.00295748657369812
2022-06-01,0
2022-06-02,-0.00171157284092
2022-06-03,0.000626257435328779
2022-06-04,-0.00419177620541683
2022-06-05,0.00261904684040355
2022-06-06,-0.000222289189671085
2022-06-07,0.00483549391096353
2022-06-08,0.0206866613234839
2022-06-09,0.0031135460468678
2022-06-10,0.0067655230555895
2022-06-11,0
2022-06-12,0.00176168689382299
2022-06-13,0.00459355919785377
2022-06-14,0
2022-06-15,-0.00011853720476016
2022-06-16,0
2022-06-17,0.00656590389158436
2022-06-18,0.0120134963576794
2022-06-19,0.00875154951533727
2022-06-20,-0.00229885323330568
2022-06-21,0.00294363270636349
2022-06-22,0.00227212490279176
2022-06-23,0.000233347592573308
2022-06-24,0.00736326004821459
2022-06-25,7.49557419294057E-05
2022-06-26,-0.000703740101833026
2022-06-27,-0.00271917737118832
2022-06-28,-0.000876971430317131
2022-06-29,-0.000270582809746181
2022-06-30,0.00180297042539663
2022-07-01,0
2022-07-02,0.000775228686402585
2022-07-03,-0.0074962946638231
2022-07-04,0.00391517639610059
2022-07-05,0
2022-07-06,0.00221328208549553
2022-07-07,-0.00101517506620423
2022-07-08,0.00536680167056892
2022-07-09,0.00135302662957315
2022-07-10,-0.00678486217982005
2022-07-11,0.00265202972954771
2022-07-12,0.000790920577328289
2022-07-13,0.0186157223628608
2022-07-14,-1.83946149494183E-05
2022-07-15,6.38489537590024E-05
2022-07-16,0
2022-07-17,0.000702793608946874
2022-07-18,0.00551424673436995
2022-07-19,0.000999087058120437
2022-07-20,0
2022-07-21,0.00014549227088221
2022-07-22,0.00217347472613229
2022-07-23,0
2022-07-24,0.000956000673031546
2022-07-25,0.0022943919165786
2022-07-26,0.00068071081667031
2022-07-27,0.00126709109296338
2022-07-28,0.000145160757893661
2022-07-29,0
2022-07-30,-0.00378849237401661
2022-07-31,-0.00110416563209367
2022-08-01,0
2022-08-02,0.0136334810904642
2022-08-03,0.0104489763786569
2022-08-04,0.0039581203003627
2022-08-05,-0.000154875583094389
2022-08-06,0.00334242186751334
2022-08-07,0.00181233336387267
2022-08-08,0.00574730514934504
2022-08-09,0.00554899587966859
2022-08-10,-0.00223212874367913
2022-08-11,-0.0216423747746337
2022-08-12,0.00224103588234808
2022-08-13,-0.0136579355471612
2022-08-14,-0.00449913451118539
2022-08-15,-0.00179242808004183
2022-08-16,-0.0028942361516503
2022-08-17,-0.00471668838726061
2022-08-18,-0.0255041909594232
2022-08-19,0.00670968045587702
2022-08-20,0.00283504407202245
2022-08-21,-0.00055927734227743
2022-08-22,0.00211802179829234
2022-08-23,0
2022-08-24,0.00161510289036812
2022-08-25,-0.00310112056698785
2022-08-26,0.00555418459891324
2022-08-27,0.00103217985557943
2022-08-28,0.000681144029787642
2022-08-29,-0.00165048903490356
2022-08-30,-0.00286715140155608
2022-08-31,-0.00106084698285863
2022-09-01,0.00545507942436985
2022-09-02,0.00348991109321546
2022-09-03,0
2022-09-04,0.00495050056715323
2022-09-05,0.0036413112185265
2022-09-06,0.029522855966771
2022-09-07,-0.00165298807138756
2022-09-08,0.002791699104159
2022-09-09,0.0051721359255391
2022-09-10,0.0001097288495597
2022-09-11,-0.000918792899128601
2022-09-12,-0.00632180582994464
2022-09-13,0.0273810377091878
2022-09-14,-0.00292024451552039
2022-09-15,0.00146380199948719
2022-09-16,-0.000707974795950803
2022-09-17,0.00114338810675013
2022-09-18,0.0133936079025334
2022-09-19,0.00437193453811605
2022-09-20,0.00329368135046759
2022-09-21,0.0290740779016942
2022-09-22,-0.00316062533586203
2022-09-23,-0.018699815532441
2022-09-24,0.00137651004001244
2022-09-25,0.0147520094133987
2022-09-26,0.00131381017859494
2022-09-27,-0.00282710066622358
2022-09-28,0.00708366459446945
2022-09-29,0
2022-09-30,0.00318457585265385
2022-10-01,0.0011195094986186
2022-10-02,-0.00201003192119724
2022-10-03,0.0046051556345508
2022-10-04,0.000333786182553397
2022-10-05,0.000419655614507411
2022-10-06,9.20707168646231E-05
2022-10-07,-0.00217767657561599
2022-10-08,0.0139922557265905
2022-10-09,-0.00243939143925451
2022-10-10,-0.00758109580392384
2022-10-11,-0.00205131506685453
2022-10-12,1.67929657633518E-05
2022-10-13,-0.00224389913489226
2022-10-14,0.00863397138510373
2022-10-15,0
2022-10-16,-0.000825735809870048
2022-10-17,-0.0123040972697725
2022-10-18,0.000289507584696799
2022-10-19,0.00136594340766957
2022-10-20,0.00585900678354509
2022-10-21,0.00124883249291278
2022-10-22,-0.00705932648691191
2022-10-23,-0.000888364696174367
2022-10-24,0.00133017613819052
2022-10-25,-0.0047241185601567
2022-10-26,0.0033858110122049
2022-10-27,-0.0012490625078171
2022-10-28,-0.00233306361516502
2022-10-29,-0.00545400698771886
2022-10-30,0.00467664584200801
2022-10-31,0.00307660989913228
2022-11-01,-0.00727126752490849
2022-11-02,0.00462482096655406
2022-11-03,0.00189766388754602
2022-11-04,-0.00910873161228547
2022-11-05,0.00712702120700121
2022-11-06,0.00604119421228606
2022-11-07,0
2022-11-08,0.0387079853560874
2022-11-09,0.0139872692208522
2022-11-10,0.0132926296367728
2022-11-11,-0.0446358045664374
2022-11-12,0.00716843327033308
2022-11-13,-0.00365549774192225
2022-11-14,0.0041810837942191
2022-11-15,-0.00423186746071286
2022-11-16,-0.00284981582039897
2022-11-17,0.000641818358748226
2022-11-18,0.00280771557354335
2022-11-19,0.000412058982656581
2022-11-20,-0.00192771065349083
2022-11-21,0.000836486418810041
2022-11-22,0.00257774125334083
2022-11-23,-0.0272757983039276
2022-11-24,0.00131144338428771
2022-11-25,0.00272552956842056
2022-11-26,-0.000924297386419186
2022-11-27,-0.00146844935453941
2022-11-28,0.00678262501692935
2022-11-29,0.0053861196763274
2022-11-30,-0.00672527072275449
2022-12-01,0.0056729173759878
2022-12-02,0.00192437043748424
2022-12-03,0.00659661521684616
2022-12-04,0.000146961274554917
2022-12-05,-0.00984758841365223
2022-12-06,0.000900432547115478
2022-12-07,0.00373824518591561
2022-12-08,0.00111827680014709
2022-12-09,0.0163771582202231
2022-12-10,0.00047834919178532
2022-12-11,-0.00315075088482674
2022-12-12,0.0120056453426117
2022-12-13,0.00061177522779473
2022-12-14,0.00512800068201508
2022-12-15,0.000603068650713009
2022-12-16,-0.0309740130243658
2022-12-17,-0.00219023676595472
2022-12-18,-2.61489620912104E-05
2022-12-19,0.00391835708604257
2022-12-20,0
2022-12-21,0.00288146056264798
2022-12-22,0.00116885823330378
2022-12-23,0.00266387312064387
2022-12-24,0.00914204744184806
2022-12-25,-0.00256755297017251
2022-12-26,0.00247160672516724
2022-12-27,-0.024475227995437
2022-12-28,-0.00085627271962902
2022-12-29,0.00141827697641812
2022-12-30,0.00206539044310931
2022-12-31,0.00216766745767486
2023-01-01,0.00736953545308557
2023-01-02,0.0284439152932043
2023-01-03,0.000946208047552988
2023-01-04,-0.00183203602465807
2023-01-05,0.0018288107713134
2023-01-06,0.00486924338437633
2023-01-07,0.000581767682308971
2023-01-08,0.040830001833854
2023-01-09,0.0111403442105052
2023-01-10,0.003619737996543
2023-01-11,-0.00952075070552488
2023-01-12,0.00759466071214706
2023-01-13,0.0106870629453903
2023-01-14,0.0301428936474881
2023-01-15,0.00604495210611409
2023-01-16,0.0138762951626567
2023-01-17,-0.00132781805567876
2023-01-18,-0.00201135165750992
2023-01-19,0.000598581248529087
2023-01-20,0.0100670847696833
2023-01-21,0.00566493160980798
2023-01-22,0.00122167722063575
2023-01-23,-0.00527220680658793
2023-01-24,-0.0065969397698899
2023-01-25,-0.00102034221488284
2023-01-26,0.000808908540928677
2023-01-27,0.00388752661729774
2023-01-28,-0.00130843388969607
2023-01-29,-0.00165893686451317
2023-01-30,-0.0108206131403225
2023-01-31,0.000483054902547767
2023-02-01,0
2023-02-02,-0.000468595781847176
2023-02-03,0.00131198379444293
2023-02-04,0.00119158498918475
2023-02-05,0.00493861491057932
2023-02-06,-0.00284242900806716
2023-02-07,0.00286891311458592
2023-02-08,0.00141668634006868
2023-02-09,0.00535513433535113
2023-02-10,0.000491173367939196
2023-02-11,-0.000638334139273646
2023-02-12,-0.0130418907995361
2023-02-13,-0.00471774370383907
2023-02-14,0.00756652530129356
2023-02-15,-0.00284875169184334
2023-02-16,0.00126562331736453
2023-02-17,0.00309418714928903
2023-02-18,0.00191400333545844
2023-02-19,-0.00180484227013646
2023-02-20,-0.00114081147559924
2023-02-21,0.00428671034932224
2023-02-22,0.00494389248084599
2023-02-23,0.000553447997318296
2023-02-24,0.00537450332210497
2023-02-25,0
2023-02-26,0.000287460362308857
2023-02-27,0.00186884104844257
2023-02-28,0.0027144334981256
2023-03-01,-0.000263351265249773
2023-03-02,0
2023-03-03,-0.00278199361803965
2023-03-04,0
2023-03-05,0
2023-03-06,-0.000200475374580636
2023-03-07,0
2023-03-08,0.000736604167385885
2023-03-09,-0.0171804058385218
2023-03-10,0
2023-03-11,0
2023-03-12,0.00572238184550482
2023-03-13,-0.00325664408668582
2023-03-14,-0.00123673333999645
2023-03-15,0
2023-03-16,0.00262350023546222
2023-03-17,0.00104068405015953
2023-03-18,0.000306829642545139
2023-03-19,0.00461488399929855
2023-03-20,0.000790037521879414
2023-03-21,0
2023-03-22,0.00270308221188142
2023-03-23,-0.000712383338236601
2023-03-24,0.000480387667563316
2023-03-25,0.00462934841890441
2023-03-26,3.76877767398813E-07
2023-03-27,0.00272989999978297
2023-03-28,0.00620388073720325
2023-03-29,0.00295754395563414
2023-03-30,0.00577438590031388
2023-03-31,0
2023-04-01,0.00497585170018595
2023-04-02,0.00226019585351819
2023-04-03,-0.0582517852999539
2023-04-04,0
2023-04-05,0.00279574670819554
2023-04-06,-0.00273793969468279
2023-04-07,0
2023-04-08,0.00405849390610237
2023-04-09,-0.000826708947064779
2023-04-10,0.00318537184163979
2023-04-11,0
2023-04-12,0.00651182683134594
2023-04-13,-0.000280569131861986
2023-04-14,-0.00589279928462303
2023-04-15,0.00143494179446768
2023-04-16,-0.00155308742992826
2023-04-17,-0.00410478147436815
2023-04-18,-0.000255518776298209
2023-04-19,-0.00065656706944671
2023-04-20,-8.20173727755425E-05
2023-04-21,0.014697580785762
2023-04-22,0.00245014008782829
2023-04-23,-0.00144273688459001
2023-04-24,0
2023-04-25,-8.90439495228054E-05
2023-04-26,0.00168211430247292
2023-04-27,0.000682878694521667
2023-04-28,0.00143184754468508
2023-04-29,0.00034031356506465
2023-04-30,0.00219539645940896
2023-05-01,0.00706970799327845
2023-05-02,0.000483748598756691
2023-05-03,0.000716507041096457
2023-05-04,0.00114611915573013
2023-05-05,0.00674596993365788
2023-05-06,0.00291725577667713
2023-05-07,0.000739195296796215
2023-05-08,-0.00346127925166492
2023-05-09,0.00109502260807614
2023-05-10,-0.00733972809595434
2023-05-11,0
2023-05-12,0.00659736716212147
2023-05-13,0
2023-05-14,0.00111564561373592
2023-05-15,0.000646563077342186
2023-05-16,0.00291177634679903
2023-05-17,-0.00742589213544825
2023-05-18,0.00296838432662192
2023-05-19,0.00136873517097007
2023-05-20,0.000497707987229295
2023-05-21,0.00565532317667037
2023-05-22,3.40769781914844E-05
2023-05-23,-0.000906259963525103
2023-05-24,0.00906680053185874
2023-05-25,0.00444938763890506
2023-05-26,-0.0217471974674113
2023-05-27,-0.00038221928626354
2023-05-28,0.0128379332381878
2023-05-29,0.00452958581899862
2023-05-30,0.01528889785048
2023-05-31,0.00641191697702309
2023-06-01,0.00131700886222966
2023-06-02,-0.00181770551441596
2023-06-03,0.00224449298558945
2023-06-04,0.00247547611971691
2023-06-05,0.0186833204438814
2023-06-06,0.00147165264142745
2023-06-07,-0.00164050256083996
2023-06-08,-0.00089952779513003
2023-06-09,-0.00405944067737345
2023-06-10,-0.0171043718065447
2023-06-11,0.00880734945000538
2023-06-12,0.00406872283377259
2023-06-13,0.00673691030569737
2023-06-14,0.00517999205954007
2023-06-15,0.00233783310110033
2023-06-16,0.0152657128339626
2023-06-17,0.00190356718799965
2023-06-18,0.00133972852291817
2023-06-19,0.00128994522163439
2023-06-20,0.000258502532066266
2023-06-21,-0.00965794065793851
2023-06-22,0.00452926400165312
2023-06-23,0.0011035997036877
2023-06-24,0.00527892969505907
2023-06-25,0
2023-06-26,0
2023-06-27,0
2023-06-28,0.00702209030523234
2023-06-29,0.0037263655574595
2023-06-30,-0.0176169318794061
2023-07-01,0.00752942639299738
2023-07-02,0.00146782372727671
2023-07-03,0.00357725249724245
2023-07-04,0.00311290153329575
2023-07-05,0.00796674896569169
2023-07-06,0
2023-07-07,0
2023-07-08,0.0025865866454873
2023-07-09,0.00253240000277192
2023-07-10,0.00118574050262889
2023-07-11,0
2023-07-12,0.00455373569154373
2023-07-13,-0.0725785485104055
2023-07-14,-0.00451909087144952
2023-07-15,-0.0216344246085463
2023-07-16,-0.000461951435682366
2023-07-17,-0.00620557681117785
2023-07-18,0.00887734274308874
2023-07-19,-0.00342043652925639
2023-07-20,0.00145141512709883
2023-07-21,8.26204947046646E-05
2023-07-22,-0.000588561453260619
2023-07-23,0.0012393018259377
2023-07-24,0.00863482099821091
2023-07-25,0.00819828748133232
2023-07-26,-0.00266838142392276
2023-07-27,0.00173959138825289
2023-07-28,0.00295202245788489
2023-07-29,0.00122476003283786
2023-07-30,0.00571406538966317
2023-07-31,0.00325963218693501
2023-08-01,4.33719337768768E-05
2023-08-02,0.000674083533437966
2023-08-03,0.00245466971763733
2023-08-04,0.00200366716200639
2023-08-05,0.00175193999011797
2023-08-06,-0.00245259174316561
2023-08-07,0.00641882038868865
2023-08-08,-0.00212248145267241
2023-08-09,0.000806906668930784
2023-08-10,0.0164675178298675
2023-08-11,0.000748681782058481
2023-08-12,-0.000117176651367072
2023-08-13,0.00245649571625081
2023-08-14,0.00583253169297326
2023-08-15,-0.00635431403254449
2023-08-16,0.00521532873988417
2023-08-17,-0.0279639337239296
2023-08-18,-0.0126433508977615
2023-08-19,0.0261958373617716
2023-08-20,0.00349089286898103
2023-08-21,0.00660189860967947
2023-08-22,0.000507539860057457
2023-08-23,0.00412926410430951
2023-08-24,0.00125787198506587
2023-08-25,0.00208108337484977
2023-08-26,-0.00173084711007257
2023-08-27,0.00345574796164776
2023-08-28,0.00091695020404662
2023-08-29,0.0913369237626142
2023-08-30,0
2023-08-31,0.0183639825283043
2023-09-01,0.00218332648060092
2023-09-02,-0.000445103309516291
2023-09-03,-0.000417274476112043
2023-09-04,-0.000632180975495734
2023-09-05,0.0214246896873139
2023-09-06,-0.00230278817878542
2023-09-07,8.34983216706782E-05
2023-09-08,0.00290999592100715
2023-09-09,-0.00196749283293021
2023-09-10,0.0184762905449797
2023-09-11,-0.00126885468713782
2023-09-12,0.000797311313511893
2023-09-13,0.0108185826145976
2023-09-14,0.0112994710831631
2023-09-15,0.0189412696306054
2023-09-16,0.0101235860749735
2023-09-17,0.00658609433998731
2023-09-18,-0.00416400758698134
2023-09-19,-0.00483280153376035
2023-09-20,0.00173809252459248
2023-09-21,0.000460458631400856
2023-09-22,-0.00426723526691781
2023-09-23,0.00284774637856638
2023-09-24,0.000754206830863945
2023-09-25,0.00442666451479673
2023-09-26,-0.0141709402254748
2023-09-27,0.00359327472289944
2023-09-28,0.000979474973529111
2023-09-29,-0.00378869082092847
2023-09-30,0.00396147297633321
2023-10-01,0.0128410284956809
2023-10-02,0.0148439148845466
2023-10-03,-0.00705157089728485
2023-10-04,0.000826580819446514
2023-10-05,-1.96203090047771E-05
2023-10-06,0.00160892768127234
2023-10-07,0.00356442748625564
2023-10-08,0.00140742288579735
2023-10-09,-0.00263003849379952
2023-10-10,0
2023-10-11,0.00289966758372068
2023-10-12,0.00307267207081233
2023-10-13,-0.000337562268436937
2023-10-14,0.0106581893515223
2023-10-15,0.0173064526743365
2023-10-16,0.00928616422317901
2023-10-17,-0.00465502656121665
2023-10-18,-0.0151487544595276
2023-10-19,-0.00052167331293149
2023-10-20,-0.0118431045720444
2023-10-21,0.00307896719073986
2023-10-22,0.00502456718979591
2023-10-23,0.0198539286211679
2023-10-24,0.000833834330452919
2023-10-25,0.00614015469958652
2023-10-26,0.00683742688820506
2023-10-27,0.00226321212828562
2023-10-28,0.00634889110464626
2023-10-29,-0.00285528816298785
2023-10-30,0.0102909690925512
2023-10-31,-0.00695690124677157
2023-11-01,0.0107295071290923
2023-11-02,0.00682789318180151
2023-11-03,-0.0124081836224331
2023-11-04,0.0122201214580791
2023-11-05,0.00612013351338325
2023-11-06,0.0023786182856543
2023-11-07,0.016656159093513
2023-11-08,0.0129101069077719
2023-11-09,-0.00320956169920715
2023-11-10,6.79827336254308E-05
2023-11-11,-0.000578090773082113
2023-11-12,0
2023-11-13,-0.0492599645102165
2023-11-14,0.00668240599549838
2023-11-15,0
2023-11-16,0.00254644014820574
2023-11-17,0
2023-11-18,-0.00552900515232361
2023-11-19,0.000918388705601044
2023-11-20,-0.00155115910063488
2023-11-21,0.00223371192715586
2023-11-22,-0.00220495603356158
2023-11-23,-0.0056457525712871
2023-11-24,0.000280038238824801
2023-11-25,0
2023-11-26,0.000720848451462562
2023-11-27,0
2023-11-28,-0.0012760990420522
2023-11-29,-0.00276864771239989
2023-11-30,-0.000819638796831555
2023-12-01,-0.0018519394233749
2023-12-02,-0.0108985993137759
2023-12-03,-0.00426413930509267
2023-12-04,0.0629405321191415
2023-12-05,-0.000446995803090686
2023-12-06,0
2023-12-07,-0.000785663955611424
2023-12-08,0.00116843733800956
2023-12-09,0.00110931060514981
2023-12-10,0.000120365594300781
2023-12-11,0.00258090991659457
2023-12-12,-0.0169862348532361
2023-12-13,0.0010364280524708
2023-12-14,0.000926800994136027
2023-12-15,0.00118043280572363
2023-12-16,0
2023-12-17,0.000344754789979719
2023-12-18,-0.00334185621334704
2023-12-19,0.00294489887509904
2023-12-20,-0.000607424382575472
2023-12-21,-0.00154606309458874
2023-12-22,0.0114435390522317
2023-12-23,0.00489990841104689
2023-12-24,0.00167330525640823
2023-12-25,0.000976022770276253
2023-12-26,0.056566840637803
2023-12-27,0
2023-12-28,-0.0018993202790667
2023-12-29,0
2023-12-30,0
2023-12-31,0.0088451555321302
2024-01-01,-5.8866080292313E-06
2024-01-02,0
2024-01-03,-0.0151932558725994
2024-01-04,0.00184715399077854
2024-01-05,0
2024-01-06,0.00134884218705095
2024-01-07,-0.0411739158272932
2024-01-08,0.00593174141225645
2024-01-09,0.00179053676385183
2024-01-10,0.00532759678444548
2024-01-11,-0.00130224633556601
2024-01-12,0.00285793779457631
2024-01-13,-0.00818311943124527
2024-01-14,0.000727988277106435
2024-01-15,0.000138903491553417
2024-01-16,-0.00164513880875075
2024-01-17,0.00318429131902948
2024-01-18,0
2024-01-19,0
2024-01-20,0
2024-01-21,-0.00105556241590579
2024-01-22,0.00304344197993158
2024-01-23,0.00618573824581016
2024-01-24,0.00030579565392849
2024-01-25,0.0013957666846141
2024-01-26,-0.00185227108893527
2024-01-27,-0.00035920937241671
2024-01-28,-0.0010006527694035
2024-01-29,-0.00591013141541998
2024-01-30,-0.00143011821340869
2024-01-31,0.00318799355377381
2024-02-01,0.000291163283296579
2024-02-02,-0.000405608810650961
2024-02-03,-0.00112256525078363
2024-02-04,0.000210110988604832
2024-02-05,0
2024-02-06,0.000556377214205478
2024-02-07,-0.0003518728771335
2024-02-08,0
2024-02-09,0
2024-02-10,0.000745245371208934
2024-02-11,0
2024-02-12,-3.91190351201316E-05
2024-02-13,0.00766637883252051
2024-02-14,0.00192375483280113
2024-02-15,0.00146237733225192
2024-02-16,0
2024-02-17,0.000865310900768596
2024-02-18,-0.00010439387545273
2024-02-19,-0.000549471551173625
2024-02-20,0.00443981668848278
2024-02-21,-0.00103036164765923
2024-02-22,-0.000794429375134449
2024-02-23,0.000569724140155037
2024-02-24,-0.00102780606886845
2024-02-25,0.00213831753694276
2024-02-26,0.000106277981747066
2024-02-27,-0.00818925900551535
2024-02-28,0.0424199854063118
2024-02-29,0.00431087943410316
2024-03-01,0.000497187430147615
2024-03-02,0
2024-03-03,0.0259066339882593
2024-03-04,0.00565967937303953
2024-03-05,-0.0104146366148778
2024-03-06,0
2024-03-07,0.00759933621013554
2024-03-08,0.0028575025617474
2024-03-09,0.0029418923795271
2024-03-10,0.00251618041969664
2024-03-11,-0.0123496999906045
2024-03-12,0.006940275016757
2024-03-13,0.00103610764701167
2024-03-14,-0.00115235241049985
2024-03-15,0.000865119654466463
2024-03-16,0
2024-03-17,-0.000418143909275941
2024-03-18,0
2024-03-19,0
2024-03-20,0
2024-03-21,0.0023892948148101
2024-03-22,0
2024-03-23,-0.00106649890157338
2024-03-24,0.00141579001693412
2024-03-25,0.000472200371977007
2024-03-26,0
2024-03-27,0
2024-03-28,0.00148624991846477
2024-03-29,-0.00739143075225278
2024-03-30,0.0086248615792258
2024-03-31,-0.0103896089365916
2024-04-01,0.0153355841677354
2024-04-02,0.00298902194600345
2024-04-03,0.000355497853513878
2024-04-04,-0.0122987666979252
2024-04-05,0.000501941860485267
2024-04-06,0.00504065686652042
2024-04-07,0.00244608391146061
2024-04-08,0.000879965466267099
2024-04-09,0
2024-04-10,0.00698896416145466
2024-04-11,-0.00753155064175059
2024-04-12,0.101940833851754
2024-04-13,0.00438274463653651
2024-04-14,0
2024-04-15,0
2024-04-16,0
2024-04-17,0
2024-04-18,0.00497498447491897
2024-04-19,0.00511069084005905
2024-04-20,0.00141035140676389
2024-04-21,0.000680087789235418
2024-04-22,0.00114598810010831
2024-04-23,0
2024-04-24,-7.65883204990432E-05
2024-04-25,0.00472474284689069
2024-04-26,0
2024-04-27,0
2024-04-28,0
2024-04-29,0
2024-04-30,-0.000353191883936536
2024-05-01,0
2024-05-02,0.000376503559627064
2024-05-03,-0.000598421787471699
2024-05-04,0
2024-05-05,-0.000670826774033866
2024-05-06,-0.000819239779590916
2024-05-07,0.0104345414766622
2024-05-08,0
2024-05-09,0
2024-05-10,0
2024-05-11,0.00186869161159677
2024-05-12,-0.00124388160865287
2024-05-13,0.00375957978432896
2024-05-14,0.00154648957170565
2024-05-15,0.00208328553551249
2024-05-16,0
2024-05-17,0.000442186097803181
2024-05-18,-0.00879292289323701
2024-05-19,0.0028712652201564
2024-05-20,0.00148652301917705
2024-05-21,0.00339437734762418
2024-05-22,0.00153649370887185
2024-05-23,0.0139015085085348
2024-05-24,0.0147653826866021
2024-05-25,3.68543101667336E-05
2024-05-26,0.00187169292564216
2024-05-27,0
2024-05-28,0
2024-05-29,-0.000588028210824054
2024-05-30,0
2024-05-31,0.00212229966283008
2024-06-01,0
2024-06-02,-0.000945256647522011
2024-06-03,-0.00035897022597478
2024-06-04,0.00665622174840937
2024-06-05,0
2024-06-06,0.000126478330806339
2024-06-07,-0.0198336682290551
2024-06-08,0.000250910968465807
2024-06-09,0.0020367251811087
2024-06-10,-0.00257911252730443
2024-06-11,0.0233036792006435
2024-06-12,-0.000803592534800842
2024-06-13,0
2024-06-14,0.00787177525038125
2024-06-15,-0.00281374940576238
2024-06-16,0
2024-06-17,0.00250432262416747
2024-06-18,0.0170303399735441
2024-06-19,9.63941630473065E-05
2024-06-20,0.000569961510670187
2024-06-21,0
2024-06-22,-0.00167485395290057
2024-06-23,0.00700423672472966
2024-06-24,0
2024-06-25,0.00323239098176124
2024-06-26,0.00229024456829186
2024-06-27,-0.00132645507248626
2024-06-28,0.00205798944945919
2024-06-29,0.00769776021236844
2024-06-30,-4.61148187886794E-05
2024-07-01,0
2024-07-02,0.00642553884817449
2024-07-03,0.000721649209252962
2024-07-04,-0.0140090492116107
2024-07-05,0
2024-07-06,0
2024-07-07,0
2024-07-08,0.0163296500244353
2024-07-09,0.000361357396610036
2024-07-10,0.000981444574098837
2024-07-11,-0.00375585978296698
2024-07-12,-0.00222724970526468
2024-07-13,4.48907453689667E-05
2024-07-14,0
2024-07-15,-0.00129763556654978
2024-07-16,0.00186545615318264
2024-07-17,-0.00164894072811133
2024-07-18,0
2024-07-19,0.00484981609614744
2024-07-20,-0.00595924639198099
2024-07-21,0
2024-07-22,0.00444718605734419
2024-07-23,0
2024-07-24,0
2024-07-25,-0.00979752672488403
2024-07-26,0
2024-07-27,0.000508843391334288
2024-07-28,0
2024-07-29,9.39530123279057E-05
2024-07-30,-0.00106871771998118
2024-07-31,-0.00682774492812178
2024-08-01,-0.00354381855437375
2024-08-02,0.00217119627945211
2024-08-03,0.00155604551295228
2024-08-04,0.000723789560400993
2024-08-05,0.0234146162596431
2024-08-06,-0.00155327311396842
2024-08-07,0
2024-08-08,-0.00188171850987717
2024-08-09,0
2024-08-10,0
2024-08-11,0.000108313714846165
2024-08-12,-0.00516755185899785
2024-08-13,0
2024-08-14,-0.0176968252819298
2024-08-15,0.000849351316268856
2024-08-16,0
2024-08-17,-0.00143256356254716
2024-08-18,-0.0011915067986916
2024-08-19,0.00125297784331861
2024-08-20,0.00958937600223538
2024-08-21,0
2024-08-22,0
2024-08-23,0.0106010349713504
2024-08-24,-0.0377196468343239
2024-08-25,-0.000605284719505481
2024-08-26,0.00142774253174528
2024-08-27,0
2024-08-28,0.0146307846062863
2024-08-29,0.00249811577841048
2024-08-30,0
2024-08-31,0
2024-09-01,-0.00054566435569535
2024-09-02,7.16077544098728E-05
2024-09-03,0.000771939151875468
2024-09-04,-0.00438927055531598
2024-09-05,0
2024-09-06,0.000820460148202288
2024-09-07,2.21497517348263E-05
2024-09-08,-0.000140377192116826
2024-09-09,0
2024-09-10,0
2024-09-11,0.00668685264404451
2024-09-12,-0.0198700895468425
2024-09-13,0.000104924596413358
2024-09-14,0
2024-09-15,0.0233504931670923
2024-09-16,-0.0246645421710578
2024-09-17,0
2024-09-18,0
2024-09-19,-0.0019074969100352
2024-09-20,-0.00538494722035619
2024-09-21,0.00660305540144645
2024-09-22,-0.00148260885747535
2024-09-23,0
2024-09-24,0.00129595589024227
2024-09-25,0
2024-09-26,0.00609726540414932
2024-09-27,0
2024-09-28,-0.00379370980810467
2024-09-29,0
2024-09-30,-0.000249331209078668
2024-10-01,-0.000243911329451457
2024-10-02,0
2024-10-03,0.000257426994822011
2024-10-04,0
2024-10-05,0
2024-10-06,5.01855926513672E-05
2024-10-07,0.000528255356964856
2024-10-08,0
2024-10-09,-0.00757740564180491
2024-10-10,0.00088080078197564
2024-10-11,0.00165201894254889
2024-10-12,0
2024-10-13,0
2024-10-14,0.00617455930774756
2024-10-15,-0.00055487125345746
2024-10-16,1.21972722099892E-05
2024-10-17,0.00780387703196214
2024-10-18,0
2024-10-19,0.00226663105883465
2024-10-20,-0.0131214350174109
2024-10-21,0.00431032977336493
2024-10-22,0.00333662654299645
2024-10-23,0.00368615600733206
2024-10-24,0.00181519161951687
2024-10-25,-0.0454141840462972
2024-10-26,-0.00307263402609054
2024-10-27,0
2024-10-28,-0.000719503357400914
2024-10-29,0.000651354174295088
2024-10-30,0
2024-10-31,0.00168477766798382
2024-11-01,0.00068744123967673
2024-11-02,0
2024-11-03,-0.00492954607719885
2024-11-04,-0.000288321105957031
2024-11-05,0
2024-11-06,0.00649814060203903
2024-11-07,0.0106666413910816
2024-11-08,0.00161424540447719
2024-11-09,0
2024-11-10,0
2024-11-11,-0.0116597429199219
2024-11-12,0.0144745122503458
2024-11-13,-0.00961297950852011
2024-11-14,-0.00456129979299106
2024-11-15,0
2024-11-16,0
2024-11-17,-0.0104050171426939
2024-11-18,0.00494105859035076
2024-11-19,0
2024-11-20,0.0263481208107635
2024-11-21,0
2024-11-22,0.00871215274622131
2024-11-23,0.0249481548361409
2024-11-24,0
2024-11-25,0.00160094250171517
2024-11-26,0
2024-11-27,0
2024-11-28,0.00120086848270228
2024-11-29,0.00323722270180552
2024-11-30,0
2024-12-01,0
2024-12-02,0.0240283081619479
2024-12-03,-0.0063846151361921
2024-12-04,0.000888404282516173
2024-12-05,0.00483522179063669
2024-12-06,-0.00184718847654866
2024-12-07,0.000372112460387776
2024-12-08,0
2024-12-09,-0.0156788459840269
2024-12-10,0
2024-12-11,0
2024-12-12,0
2024-12-13,0
2024-12-14,0
2024-12-15,0
2024-12-16,0
2024-12-17,0.00157625404467125
2024-12-18,-0.00118150718234579
2024-12-19,-0.00490256473588041
2024-12-20,0
2024-12-21,0
2024-12-22,0
2024-12-23,0
2024-12-24,0
2024-12-25,0
2024-12-26,0
2024-12-27,0
2024-12-28,0
2024-12-29,0
2024-12-30,0
2024-12-31,-0.00432298638916015
2025-01-01,0.00156123917047529
2025-01-02,-0.00204469255309942
2025-01-03,0
2025-01-04,-0.00232291647487264
2025-01-05,0
2025-01-06,0.00201856255492423
2025-01-07,-0.00571315357594676
2025-01-08,-0.00513458703051901
2025-01-09,0
2025-01-10,0.000515906109214283
2025-01-11,0
2025-01-12,0
2025-01-13,0
2025-01-14,0
2025-01-15,0
2025-01-16,0
2025-01-17,0.000388131345154217
2025-01-18,0.0011820320242548
2025-01-19,0
2025-01-20,0
